Variable,Bin id,Bin,Count,Count (%),Non-event,Event,Event rate,WoE,IV,JS,Coefficient,Points
ext_source_min,0,"(-inf, 0.13)",15193,0.08234420560848969,11819,3374,0.22207595603238334,-1.178872571673575,0.18488964170934433,0.021859518644174993,-0.20526558711521478,4.247982147831512
ext_source_min,1,"[0.13, 0.19)",13664,0.07405721223158054,11701,1963,0.1436621779859485,-0.6472816006374054,0.04065052738545132,0.00499442778853593,-0.20526558711521478,7.3964428452187025
ext_source_min,2,"[0.19, 0.23)",10394,0.056334211353560315,9117,1277,0.12285934192803541,-0.46685476802753856,0.014930509264628784,0.0018495475069308957,-0.20526558711521478,8.46505917276647
ext_source_min,3,"[0.23, 0.26)",9361,0.05073547743704812,8326,1035,0.11056511056511056,-0.3475002715244506,0.0070881741541019795,0.000881590478450581,-0.20526558711521478,9.171961587914602
ext_source_min,4,"[0.26, 0.31)",14603,0.07914647762132397,13273,1330,0.0910771759227556,-0.13192903916949916,0.0014559914302774589,0.00018186705434534642,-0.20526558711521478,10.44872810491157
ext_source_min,5,"[0.31, 0.36)",14833,0.08039304954852416,13686,1147,0.07732758039506506,0.04674158080317037,0.00017223406117540521,2.1527298002989824e-05,-0.20526558711521478,11.506942889232047
ext_source_min,6,"[0.36, 0.41)",16882,0.09149837945649464,15706,1176,0.06965999289183746,0.15944196189634585,0.0021759773971498724,0.00027170943030697297,-0.20526558711521478,12.17443488925753
ext_source_min,7,"[0.41, 0.45)",11474,0.062187679533456906,10832,642,0.05595258846086805,0.39318969788219293,0.008163432202094475,0.001013906233840579,-0.20526558711521478,13.558855618639335
ext_source_min,8,"[0.45, 0.49)",11970,0.06487593899385385,11349,621,0.0518796992481203,0.47307183778775785,0.011930914740630029,0.0014776113320124663,-0.20526558711521478,14.031974598492631
ext_source_min,9,"[0.49, 0.53)",11647,0.06312531841782923,11140,507,0.043530522881428696,0.6573045163101896,0.02079805780113676,0.0025539444550395475,-0.20526558711521478,15.12313185869143
ext_source_min,10,"[0.53, 0.56)",9534,0.051673116321420444,9136,398,0.04174533249423117,0.701043933031452,0.019029175073887294,0.0023311041851046994,-0.20526558711521478,15.382187865991758
ext_source_min,11,"[0.56, 0.60)",13864,0.07514118782045029,13326,538,0.038805539526832085,0.7771317393807959,0.03298808768645457,0.0040227827196635275,-0.20526558711521478,15.832834097575361
ext_source_min,12,"[0.60, 0.64)",9948,0.0539169457903808,9621,327,0.03287092882991556,0.9492613238841092,0.03300604365736342,0.003977510155704082,-0.20526558711521478,16.852308206794937
ext_source_min,13,"[0.64, 0.68)",9262,0.0501989095205576,8978,284,0.030662923774562728,1.0210761876007695,0.03457985466352325,0.004143979926871727,-0.20526558711521478,17.277647025961482
ext_source_min,14,"[0.68, inf)",11776,0.06382448267265022,11509,267,0.022673233695652172,1.3311539649883395,0.06646423855859725,0.007744299348975648,-0.20526558711521478,19.114148675594492
ext_source_min,15,Special,0,0.0,0,0,0.0,0.0,0.0,0.0,-0.20526558711521478,11.230105926020125
ext_source_min,16,Missing,101,0.000547407672379218,92,9,0.0891089108910891,-0.10791799386708112,6.670622445227832e-06,8.334234159894127e-07,-0.20526558711521478,11.230105926020125
ext_source_max,0,"(-inf, 0.35)",13840,0.07501111074978592,10706,3134,0.2264450867052023,-1.2039878055425415,0.17732966961323035,0.02091746999992018,-0.13406655549194132,6.572668011809919
ext_source_max,1,"[0.35, 0.44)",9920,0.05376518920793904,8383,1537,0.15493951612903226,-0.7361086124806404,0.03957623853039642,0.004838279969834779,-0.13406655549194132,8.382585257653302
ext_source_max,2,"[0.44, 0.49)",9226,0.05000379391456104,7995,1231,0.13342727075655755,-0.5614924944963009,0.019937424966421265,0.0024599473667472815,-0.13406655549194132,9.058060311959181
ext_source_max,3,"[0.49, 0.53)",10292,0.05578138380323675,9200,1092,0.10610182666148466,-0.30128938684762074,0.005746018657579581,0.0007155479541543401,-0.13406655549194132,10.064615206767426
ext_source_max,4,"[0.53, 0.56)",10287,0.05575428441351501,9250,1037,0.10080684358899582,-0.2441903713029583,0.003683397083117582,0.00045928409214728537,-0.13406655549194132,10.285493789289243
ext_source_max,5,"[0.56, 0.59)",10847,0.058789416062350275,9943,904,0.08334101594911035,-0.034687288992004905,7.17725148089575e-05,8.971114600750201e-06,-0.13406655549194132,11.095923591158577
ext_source_max,6,"[0.59, 0.62)",11684,0.06332585390177013,10740,944,0.08079424854501883,-0.0008777916625470894,4.881168429433076e-08,6.101460337388083e-09,-0.13406655549194132,11.226710326703333
ext_source_max,7,"[0.62, 0.64)",10364,0.05617161501522986,9631,733,0.07072558857583944,0.14311464609431068,0.0010836253265857046,0.0001353376872037259,-0.13406655549194132,11.783722479053283
ext_source_max,8,"[0.64, 0.67)",15566,0.08436582008173175,14578,988,0.06347166902222794,0.2591041306143884,0.005083268216513964,0.0006336370503788559,-0.13406655549194132,12.232409600606044
ext_source_max,9,"[0.67, 0.69)",12614,0.06836634039001442,11908,706,0.05596955763437451,0.3928684910625231,0.008961037486911579,0.0011129811916949436,-0.13406655549194132,12.749856040722175
ext_source_max,10,"[0.69, 0.70)",11436,0.061981724171571655,10868,568,0.049667715984610006,0.5189745582451848,0.013463461628926813,0.0016642970949394958,-0.13406655549194132,13.237677574964215
ext_source_max,11,"[0.70, 0.72)",11780,0.06384616218442761,11276,504,0.042784380305602714,0.6753735905827325,0.022047354176636978,0.0027047080485885257,-0.13406655549194132,13.842682691794648
ext_source_max,12,"[0.72, 0.77)",21778,0.11803410187202584,20993,785,0.03604555055560658,0.8537786164420118,0.060677367026084617,0.007362387718439629,-0.13406655549194132,14.532814541716695
ext_source_max,13,"[0.77, 0.80)",11286,0.06116874247991935,10915,371,0.03287258550416445,0.9492092127967071,0.03744198485620626,0.0045120966281218654,-0.13406655549194132,14.901972830191024
ext_source_max,14,"[0.80, inf)",13485,0.07308705407954214,13133,352,0.02610307749351131,1.1867702564071605,0.06384589972461577,0.007543074747649077,-0.13406655549194132,15.820940452917146
ext_source_max,15,Special,0,0.0,0,0,0.0,0.0,0.0,0.0,-0.13406655549194132,11.230105926020125
ext_source_max,16,Missing,101,0.000547407672379218,92,9,0.0891089108910891,-0.10791799386708112,6.670622445227832e-06,8.334234159894127e-07,-0.13406655549194132,11.230105926020125
ext_source_3,0,"(-inf, 0.18)",9543,0.05172189522291958,7448,2095,0.21953264172692025,-1.1640900069792373,0.11261287872269445,0.0133320346621375,-0.42384263030351843,-3.0061482002549003
ext_source_3,1,"[0.18, 0.27)",10072,0.05458901065548004,8503,1569,0.1557783955520254,-0.7425014249271422,0.040989791038716146,0.005009177451778353,-0.42384263030351843,2.1496749361399328
ext_source_3,2,"[0.27, 0.34)",11925,0.06463204448635816,10509,1416,0.11874213836477987,-0.4280859559679704,0.014172227958912823,0.0017581243183638264,-0.42384263030351843,5.994823069444495
ext_source_3,3,"[0.34, 0.41)",14051,0.07615470499604349,12697,1354,0.09636324816739023,-0.19417942298233104,0.0031153090410509774,0.00038880298565639564,-0.42384263030351843,8.855386106164117
ext_source_3,4,"[0.41, 0.46)",9718,0.0526703738631806,8953,765,0.07871990121424162,0.027386123227718162,3.905192407695756e-05,4.881337968807545e-06,-0.42384263030351843,11.565024881999301
ext_source_3,5,"[0.46, 0.50)",10390,0.05631253184178292,9656,734,0.07064485081809432,0.14434374058294974,0.0011045166502525756,0.00013794484802636862,-0.42384263030351843,12.995359609288485
ext_source_3,6,"[0.50, 0.57)",17036,0.09233304065992434,16049,987,0.057936135243014796,0.35624978830777243,0.010102728767041443,0.0012562051821689213,-0.42384263030351843,15.586867420727799
ext_source_3,7,"[0.57, 0.64)",19500,0.10568761991479952,18574,926,0.04748717948717949,0.5661618041098722,0.026802605895955907,0.003306284517075212,-0.42384263030351843,18.15398919241281
ext_source_3,8,"[0.64, 0.70)",18541,0.10048995696616912,17777,764,0.041205975945202526,0.714610983176263,0.03824457856911971,0.004681380207166961,-0.42384263030351843,19.9694503898765
ext_source_3,9,"[0.70, 0.77)",16490,0.08937378730230995,15931,559,0.033899332929047905,0.9173907088378939,0.05173837627313645,0.006249642131834952,-0.42384263030351843,22.449347725020278
ext_source_3,10,"[0.77, inf)",10642,0.05767834108375879,10312,330,0.03100920879533922,1.0094888965785955,0.03900953601281465,0.004679149435317768,-0.42384263030351843,23.575663729268392
ext_source_3,11,Special,0,0.0,0,0,0.0,0.0,0.0,0.0,-0.42384263030351843,11.230105926020125
ext_source_3,12,Missing,36598,0.1983566930072735,33202,3396,0.09279195584458168,-0.15247014695711858,0.004915966669943323,0.000613901304982672,-0.42384263030351843,11.230105926020125
ext_source_2,0,"(-inf, 0.15)",10669,0.05782467778825621,8391,2278,0.21351579342018934,-1.1286201557169602,0.11677291023620731,0.013868114547892166,-0.46400339762894754,-3.880208349863791
ext_source_2,1,"[0.15, 0.26)",13149,0.07126597509024096,11363,1786,0.1358278196060537,-0.5820980130983373,0.030799698307059666,0.003796512025040489,-0.46400339762894754,3.436798432148568
ext_source_2,2,"[0.26, 0.35)",15095,0.08181305756994353,13354,1741,0.1153362040410732,-0.395125688930277,0.015074740317358315,0.0018721794484686475,-0.46400339762894754,5.940041498259781
ext_source_2,3,"[0.35, 0.41)",9506,0.05152135973897868,8510,996,0.10477593099095309,-0.2872320295970807,0.004795179012828893,0.0005973453545498877,-0.46400339762894754,7.384555042202377
ext_source_2,4,"[0.41, 0.45)",9226,0.05000379391456104,8377,849,0.09202254498157382,-0.14329604573743993,0.0010904123489283678,0.00013618504726526748,-0.46400339762894754,9.31161432845631
ext_source_2,5,"[0.45, 0.49)",9250,0.05013387098522541,8444,806,0.08713513513513514,-0.08335432711831903,0.0003607251245545401,4.507759146747323e-05,-0.46400339762894754,10.114132520235497
ext_source_2,6,"[0.49, 0.55)",20115,0.10902084485057396,18600,1515,0.07531692766592095,0.07526414817792126,0.0005984037825801057,7.478282275318049e-05,-0.46400339762894754,12.237765524259919
ext_source_2,7,"[0.55, 0.60)",18770,0.10173110901542497,17490,1280,0.06819392647842301,0.18228721751908283,0.0031323204489877112,0.0003909988577008765,-0.46400339762894754,13.67062334123499
ext_source_2,8,"[0.60, 0.62)",9726,0.05271373288673539,9088,638,0.06559736787990952,0.22388986403624056,0.002406427580049778,0.0003001767564432189,-0.46400339762894754,14.22761238701667
ext_source_2,9,"[0.62, 0.64)",9293,0.05036692573683241,8779,514,0.05531044872484666,0.4054125258911414,0.006993929761785019,0.0008683029222974819,-0.46400339762894754,16.65789369550539
ext_source_2,10,"[0.64, 0.66)",9231,0.050030893304282786,8725,506,0.05481529628425956,0.41492908420326025,0.00724885583805459,0.0008996623837696782,-0.46400339762894754,16.785304309424067
ext_source_2,11,"[0.66, 0.69)",15054,0.08159084257422523,14335,719,0.047761392320977814,0.5601160270165213,0.02030179303491816,0.002505062577230437,-0.46400339762894754,18.72911181946231
ext_source_2,12,"[0.69, 0.70)",9376,0.050816775606213345,8965,411,0.04383532423208191,0.6500081779630968,0.016421214821647302,0.0020172622509079027,-0.46400339762894754,19.932615624402857
ext_source_2,13,"[0.70, 0.74)",15474,0.08386719131085169,14931,543,0.035091120589375725,0.8816035540128264,0.045469285819330296,0.005506466942328859,-0.46400339762894754,23.033285853643868
ext_source_2,14,"[0.74, inf)",10181,0.05517977735141404,9898,283,0.02779687653472154,1.1221591042886918,0.044165264493937796,0.005248089461211186,-0.46400339762894754,26.25391765528616
ext_source_2,15,Special,0,0.0,0,0,0.0,0.0,0.0,0.0,-0.46400339762894754,11.230105926020125
ext_source_2,16,Missing,391,0.002119172276240339,361,30,0.07672634271099744,0.05519858309082348,6.30925325811402e-06,7.885565498061257e-07,-0.46400339762894754,11.230105926020125
ext_source_1,0,"(-inf, 0.27)",13588,0.07364530150781004,11468,2120,0.1560200176626435,-0.7443375342426997,0.05561399883530006,0.0067955869960533745,-0.30152751203084016,4.754187070516348
ext_source_1,1,"[0.27, 0.41)",15760,0.08541727640293541,14319,1441,0.09143401015228426,-0.13623198390541802,0.0016785528637517507,0.00020965700567395374,-0.30152751203084016,10.044854299292238
ext_source_1,2,"[0.41, 0.53)",14427,0.0781925791031186,13468,959,0.06647258612324114,0.20969871181762478,0.0031499275002495482,0.00039302109553803486,-0.30152751203084016,13.054536079493777
ext_source_1,3,"[0.53, 0.66)",15526,0.0841490249639578,14710,816,0.05255700115934561,0.45938646505147407,0.014674816328716552,0.001818390580890469,-0.30152751203084016,15.226880687643327
ext_source_1,4,"[0.66, 0.77)",12113,0.06565098153989572,11683,430,0.0354990506067861,0.8696228704496383,0.03479569620965046,0.004217390942878426,-0.30152751203084016,18.79603789215672
ext_source_1,5,"[0.77, inf)",9234,0.05004715293811583,8987,247,0.026748971193415638,1.1616640374504943,0.042288293301650216,0.00500752559446006,-0.30152751203084016,21.336867573530157
ext_source_1,6,Special,0,0.0,0,0,0.0,0.0,0.0,0.0,-0.30152751203084016,11.230105926020125
ext_source_1,7,Missing,103858,0.5628976835441666,94976,8882,0.08552061468543588,-0.06288452234495212,0.002285462763078816,0.0002856357829281904,-0.30152751203084016,11.230105926020125
days_employed,0,"(-inf, -5443.50)",14422,0.07816547971339685,13797,625,0.04333656913049508,0.6619728128917299,0.026071514948422445,0.0032007093930548573,-0.2299058003035336,15.621421178982985
days_employed,1,"[-5443.50, -3936.50)",12726,0.06897336671978146,12023,703,0.05524123840955524,0.40673787558434205,0.009635086086849366,0.0011961518138794043,-0.2299058003035336,13.92827449461867
days_employed,2,"[-3936.50, -3069.50)",12793,0.06933649854205283,11951,842,0.06581724380520597,0.22030822804465222,0.003069377256713164,0.00038289812672890645,-0.2299058003035336,12.691560027042145
days_employed,3,"[-3069.50, -2430.50)",13860,0.0751195083086729,12828,1032,0.07445887445887446,0.08764962119163533,0.0005563026898905612,6.951558555917279e-05,-0.2299058003035336,11.811545391447533
days_employed,4,"[-2430.50, -1789.50)",17040,0.09235472017170174,15663,1377,0.08080985915492958,-0.001087970229894708,1.0936824124416768e-07,1.3671029476140318e-08,-0.2299058003035336,11.222888680580036
days_employed,5,"[-1789.50, -1410.50)",13767,0.07461545965984846,12498,1269,0.092176944868163,-0.14514255080526262,0.0016706076058857439,0.00020864284348028452,-0.2299058003035336,10.267276811602503
days_employed,6,"[-1410.50, -1176.50)",9520,0.05159723803019956,8562,958,0.10063025210084034,-0.2422406848458709,0.003351804020795262,0.00041795409412000205,-0.2299058003035336,9.62315894340163
days_employed,7,"[-1176.50, -952.50)",10297,0.055808483192958495,9250,1047,0.10168010100029135,-0.2537873739439678,0.003998543703760135,0.0004984809223365209,-0.2299058003035336,9.546561912571626
days_employed,8,"[-952.50, -566.50)",19283,0.10451150640087585,17159,2124,0.11014883576207021,-0.3432602796561106,0.014221753874927084,0.0017690426457409123,-0.2299058003035336,8.953027362618888
days_employed,9,"[-566.50, -392.50)",9357,0.050713797925270726,8222,1135,0.12129956182537138,-0.45230115603758136,0.012539795180534948,0.0015542484127904037,-0.2299058003035336,8.22968517344547
days_employed,10,"[-392.50, -1.50)",18317,0.09927590430663502,16326,1991,0.10869683900201998,-0.32836008963279717,0.012285089372763274,0.0015287742822396866,-0.2299058003035336,9.051870442647498
days_employed,11,"[-1.50, inf)",33124,0.17952803702860612,31332,1792,0.05409974640743871,0.4288256313723515,0.02762484269162802,0.0034268880516536166,-0.2299058003035336,14.07479757986729
days_employed,12,Special,0,0.0,0,0,0.0,0.0,0.0,0.0,-0.2299058003035336,11.230105926020125
days_employed,13,Missing,0,0.0,0,0,0.0,0.0,0.0,0.0,-0.2299058003035336,11.230105926020125
bureau_debt_ratio,0,"(-inf, 0.02)",45291,0.24547169197749666,42849,2442,0.05391799695303703,0.43238293828018604,0.038345183430267875,0.00475615586897133,-0.2954813502131364,14.916511872559308
bureau_debt_ratio,1,"[0.02, 0.16)",21681,0.11750837371142402,20370,1311,0.0604676906046769,0.31079103187724977,0.009970869332038246,0.0012413666378701428,-0.2954813502131364,13.879844864842273
bureau_debt_ratio,2,"[0.16, 0.23)",9882,0.05355923384605379,9206,676,0.06840720501922688,0.1789356547543206,0.001591235926710575,0.0001986395600123477,-0.2954813502131364,12.755673665482515
bureau_debt_ratio,3,"[0.23, 0.32)",14696,0.0796505262701484,13659,1037,0.07056341861731083,0.1455847221934623,0.0015884247329043986,0.00019837793075944523,-0.2954813502131364,12.471330632420221
bureau_debt_ratio,4,"[0.32, 0.42)",13770,0.07463171929368151,12687,1083,0.07864923747276688,0.02836088555970573,5.931992139931015e-05,7.4147416777436016e-06,-0.2954813502131364,11.471904868393443
bureau_debt_ratio,5,"[0.42, 0.53)",13759,0.07457210063629367,12482,1277,0.09281197761465222,-0.152707964118453,0.0018541102447626745,0.00023153884838286861,-0.2954813502131364,9.928149957893169
bureau_debt_ratio,6,"[0.53, 0.66)",13228,0.07169414544784451,11866,1362,0.10296341094647717,-0.2677590334707709,0.0057514628147471505,0.0007167928620860674,-0.2954813502131364,8.947248750498066
bureau_debt_ratio,7,"[0.66, 0.81)",10459,0.05668650341994298,9188,1271,0.12152213404723206,-0.4543877009603672,0.014158554009263927,0.001754749238675071,-0.2954813502131364,7.356092003275742
bureau_debt_ratio,8,"[0.81, inf)",10366,0.05618245477111856,8935,1431,0.13804746285934788,-0.6008793455428245,0.02607404230824814,0.0032110914558122258,-0.2954813502131364,6.1071350674284375
bureau_debt_ratio,9,Special,0,0.0,0,0,0.0,0.0,0.0,0.0,-0.2954813502131364,11.230105926020125
bureau_debt_ratio,10,Missing,31374,0.1700432506259959,28369,3005,0.09577994517753553,-0.1874625618694945,0.006464900121925367,0.0008069313046064203,-0.2954813502131364,11.230105926020125
amt_goods_price,0,"(-inf, 158283.00)",16628,0.09012173045863008,15510,1118,0.06723598749097907,0.19746160887563802,0.003235565679981326,0.00040378991425224324,-0.3124689156385423,13.010409346017273
amt_goods_price,1,"[158283.00, 204957.00)",10334,0.0560090186768994,9474,860,0.08322043739113606,-0.03310789934375835,6.225177542227892e-05,7.781116550255123e-06,-0.3124689156385423,10.931606856928997
amt_goods_price,2,"[204957.00, 282676.50)",33373,0.18087758663674894,30567,2806,0.08407994486560992,-0.0443209795999131,0.0003619738756184584,4.5243031466477793e-05,-0.3124689156385423,10.830510318506143
amt_goods_price,3,"[282676.50, 407362.50)",16908,0.0916392962830477,15129,1779,0.10521646557842441,-0.29191997050090235,0.00882702591463288,0.001099477069969837,-0.3124689156385423,8.598170914412194
amt_goods_price,4,"[407362.50, 452250.00)",17423,0.09443053342438729,15008,2415,0.13860988348734432,-0.6055978884205693,0.04460235568042334,0.005491629518233357,-0.3124689156385423,5.770067399861797
amt_goods_price,5,"[452250.00, 677889.00)",41304,0.22386263861337843,38119,3185,0.0771111756730583,0.049778562889299494,0.0005432600304750147,6.790049349604315e-05,-0.3124689156385423,11.678906815767645
amt_goods_price,6,"[677889.00, 902371.50)",23128,0.12535093709689657,21684,1444,0.062435143548945,0.27667562734755524,0.008549331685545534,0.001065270879508676,-0.3124689156385423,13.724598746176014
amt_goods_price,7,"[902371.50, 1273590.00)",15555,0.08430620142434392,14699,856,0.05503053680488589,0.4107823735203433,0.011992406052931708,0.0014885991744634725,-0.3124689156385423,14.9336980754865
amt_goods_price,8,"[1273590.00, inf)",9699,0.05256739618223798,9279,420,0.04330343334364367,0.6627723564958634,0.017570197890948432,0.002156939386429463,-0.3124689156385423,17.20562643184302
amt_goods_price,9,Special,0,0.0,0,0,0.0,0.0,0.0,0.0,-0.3124689156385423,11.230105926020125
amt_goods_price,10,Missing,154,0.0008346612034296988,142,12,0.07792207792207792,0.038438414233358476,1.2135151302979626e-06,1.5168005352504452e-07,-0.3124689156385423,11.230105926020125
bureau_days_since_last,0,"(-inf, -589.50)",41812,0.22661593660910756,39528,2284,0.054625466373289966,0.4185989961697829,0.033366892430089334,0.004140674214759256,-0.17491174862901712,13.3427274427162
bureau_days_since_last,1,"[-589.50, -390.50)",21176,0.11477133534952792,19859,1317,0.06219304873441632,0.2808188885409817,0.00805013225781098,0.0010029731217945153,-0.17491174862901712,12.647366912440951
bureau_days_since_last,2,"[-390.50, -334.50)",9717,0.052664953985236254,9111,606,0.062364927446742824,0.27787577406464203,0.0036213441410469296,0.00045121725311207065,-0.17491174862901712,12.632513348467537
bureau_days_since_last,3,"[-334.50, -274.50)",11619,0.06297356183538746,10782,837,0.07203718048024788,0.1233272919422368,0.0009096173060456959,0.0001136301610589318,-0.17491174862901712,11.852524739579227
bureau_days_since_last,4,"[-274.50, -230.50)",10364,0.05617161501522986,9553,811,0.07825164029332304,0.03386047257469338,6.349504450825644e-05,7.936501423419983e-06,-0.17491174862901712,11.400995879367697
bureau_days_since_last,5,"[-230.50, -93.50)",39260,0.2127844080951297,35718,3542,0.0902190524707081,-0.12151876954123608,0.0033065454142959167,0.0004130640564234591,-0.17491174862901712,10.616814519293673
bureau_days_since_last,6,"[-93.50, -57.50)",11070,0.059998048843940034,9944,1126,0.1017163504968383,-0.2541841690889908,0.004312886309050652,0.0005376641389309494,-0.17491174862901712,9.947267338889088
bureau_days_since_last,7,"[-57.50, inf)",13147,0.07125513533435227,11442,1705,0.1296873811515935,-0.528756308469045,0.024855615272977426,0.003071256593089962,-0.17491174862901712,8.561532984895791
bureau_days_since_last,8,Special,0,0.0,0,0,0.0,0.0,0.0,0.0,-0.17491174862901712,11.230105926020125
bureau_days_since_last,9,Missing,26341,0.14276500493208893,23674,2667,0.1012490034546904,-0.24905883924807704,0.009831638100687247,0.0012257882298349135,-0.17491174862901712,11.230105926020125
occupation_type,0,['Accountants' 'High skill tech staff'],12765,0.06918474195961107,12067,698,0.05468076772424599,0.41752863673132623,0.010139176443402497,0.0012582704943758204,-0.2540787427994356,14.291076354198417
occupation_type,1,['Managers'],12810,0.06942863646710676,12020,790,0.06167056986729118,0.28981226904822943,0.0051673854835972135,0.0006436721430154247,-0.2540787427994356,13.354766864787594
occupation_type,2,"['Core staff' 'IT staff' 'Private service staff' 'Medicine staff'
 'HR staff' 'Secretaries' 'Realty agents']",25123,0.1361635935958722,23466,1657,0.06595549894518966,0.21806183297710424,0.005910891201484995,0.0007374009730380816,-0.2540787427994356,12.828752733776176
occupation_type,3,['Sales staff' 'Cleaning staff' 'Cooking staff'],25523,0.1383315447736117,23065,2458,0.09630529326489833,-0.19351368771396116,0.0056185106787258726,0.0007012200521011799,-0.2540787427994356,9.811425568722079
occupation_type,4,['Security staff' 'Laborers'],37175,0.20148396258116266,33221,3954,0.10636180228648286,-0.30402751224826163,0.02115799611936769,0.0026346104663494893,-0.2540787427994356,9.001230724477043
occupation_type,5,['Drivers' 'Waiters/barmen staff' 'Low-skill Laborers'],13300,0.07208437665983762,11714,1586,0.11924812030075188,-0.43291240912496765,0.01619731703881085,0.002009000946071357,-0.2540787427994356,8.056354557259155
occupation_type,6,Special,0,0.0,0,0,0.0,0.0,0.0,0.0,-0.2540787427994356,11.230105926020125
occupation_type,7,Missing,57810,0.313323143962798,54058,3752,0.06490226604393703,0.23528651950960722,0.015722063205023618,0.0019607372371905074,-0.2540787427994356,11.230105926020125
credit_goods_ratio,0,"(-inf, 1.10)",80028,0.4337419921303372,74868,5160,0.06447743289848552,0.2423079898432765,0.02301564264456598,0.002869937796342887,-0.36463510534059174,13.779463461601388
credit_goods_ratio,1,"[1.10, 1.16)",34273,0.18575547678666277,31852,2421,0.07063869518279696,0.14443750285937496,0.003648008808567705,0.0004556051314703897,-0.36463510534059174,12.749753860754973
credit_goods_ratio,2,"[1.16, 1.20)",31307,0.16968011880372455,28543,2764,0.08828696457661225,-0.09774917733370536,0.0016891595658237524,0.00021106092465084103,-0.36463510534059174,10.20167264161324
credit_goods_ratio,3,"[1.20, 1.31)",21108,0.11440278364931222,18829,2279,0.10796854273261322,-0.32082050932915784,0.013471739818950777,0.0016767826184861199,-0.36463510534059174,7.854706775722555
credit_goods_ratio,4,"[1.31, inf)",17636,0.09558496742653355,15377,2259,0.12809026990247221,-0.5145313445322124,0.03138704897092619,0.0038806674316047823,-0.36463510534059174,5.816646958677071
credit_goods_ratio,5,Special,0,0.0,0,0,0.0,0.0,0.0,0.0,-0.36463510534059174,11.230105926020125
credit_goods_ratio,6,Missing,154,0.0008346612034296988,142,12,0.07792207792207792,0.038438414233358476,1.2135151302979626e-06,1.5168005352504452e-07,-0.36463510534059174,11.230105926020125
organization_type,0,"['Trade: type 5' 'Trade: type 4' 'Trade: type 6' 'Industry: type 12'
 'Bank' 'Police' 'Military' 'University' 'Security Ministries' 'Religion'
 'XNA' 'Transport: type 1' 'Insurance' 'Industry: type 6' 'School'
 'Emergency']",46558,0.2523386773329865,44048,2510,0.05391125048326818,0.43251520167665714,0.039439856068959174,0.0048919108394593035,-0.37029954082649313,15.851351891471847
organization_type,1,"['Services' 'Industry: type 10' 'Industry: type 9' 'Industry: type 5'
 'Medicine' 'Culture' 'Trade: type 2']",11614,0.06294646244566572,10855,759,0.06535216118477699,0.2278973113368603,0.002972393973133953,0.0003707472779493669,-0.37029954082649313,13.665094399188513
organization_type,2,['Government' 'Kindergarten' 'Hotel'],10991,0.059569878486336485,10226,765,0.0696024019652443,0.16033094823350647,0.0014319773182836584,0.00017880568988913603,-0.37029954082649313,12.943175766776958
organization_type,3,['Electricity' 'Other' 'Housing' 'Legal Services'],12501,0.06775389418230301,11553,948,0.07583393328533718,0.06786392664809471,0.00030329524368849465,3.790463197943152e-05,-0.37029954082649313,11.955203901782546
organization_type,4,"['Industry: type 7' 'Transport: type 2' 'Business Entity Type 1' 'Postal'
 'Telecom' 'Industry: type 11' 'Business Entity Type 2' 'Industry: type 2']",15585,0.08446879776267438,14263,1322,0.0848251523901187,-0.05395896346811124,0.0002515670689603015,3.144206930518769e-05,-0.37029954082649313,10.65357672829407
organization_type,5,"['Transport: type 4' 'Industry: type 4' 'Business Entity Type 3'
 'Advertising' 'Mobile' 'Trade: type 7']",49716,0.2694546518812396,45095,4621,0.09294794432375895,-0.15432174985035996,0.006846522850528398,0.00085496714058538,-0.37029954082649313,9.5812418835244
organization_type,6,['Self-employed' 'Trade: type 3' 'Security'],26990,0.14628250571797125,24253,2737,0.10140792886254169,-0.25080410256636254,0.01022303410589065,0.0012745405095031716,-0.37029954082649313,8.550367866847774
organization_type,7,"['Trade: type 1' 'Industry: type 3' 'Agriculture' 'Restaurant'
 'Industry: type 1' 'Construction' 'Realtor' 'Cleaning'
 'Industry: type 13' 'Transport: type 3' 'Industry: type 8']",10551,0.057185132190823065,9318,1233,0.11686096104634631,-0.4099842043675044,0.01141477268215452,0.00141693672066758,-0.37029954082649313,6.849594344027981
organization_type,8,Special,0,0.0,0,0,0.0,0.0,0.0,0.0,-0.37029954082649313,11.230105926020125
organization_type,9,Missing,0,0.0,0,0,0.0,0.0,0.0,0.0,-0.37029954082649313,11.230105926020125
prev_refused_ratio,0,"(-inf, 0.06)",114517,0.6206681625529793,106461,8056,0.07034763397574159,0.14887957190365597,0.012926441295693512,0.0016143145418823224,-0.26255527067691314,12.35797941077844
prev_refused_ratio,1,"[0.06, 0.15)",9661,0.052361440820352725,8955,706,0.07307732118828279,0.10787008342166793,0.0005823719552651049,7.276122089909976e-05,-0.26255527067691314,12.047302035159253
prev_refused_ratio,2,"[0.15, 0.21)",10263,0.05562420734285064,9413,850,0.0828217870018513,-0.02787135151704412,4.371760333978721e-05,5.464523547426604e-06,-0.26255527067691314,11.018959709259136
prev_refused_ratio,3,"[0.21, 0.28)",9370,0.05078425633854725,8520,850,0.09071504802561366,-0.12754672324090288,0.000871595447273494,0.00010887564061508922,-0.26255527067691314,10.263844635960028
prev_refused_ratio,4,"[0.28, 0.46)",17336,0.09395900404322895,15470,1866,0.10763728657129672,-0.31737643142007954,0.010812453766046863,0.0013459126640318177,-0.26255527067691314,8.825743412689084
prev_refused_ratio,5,"[0.46, inf)",13489,0.07310873359131953,11545,1944,0.14411742901623545,-0.6509772568116905,0.04065097522738902,0.004993508379127102,-0.26255527067691314,6.298469048304328
prev_refused_ratio,6,Special,0,0.0,0,0,0.0,0.0,0.0,0.0,-0.26255527067691314,11.230105926020125
prev_refused_ratio,7,Missing,9870,0.0534941953107216,9247,623,0.06312056737588652,0.26502594121028356,0.0033639089435307653,0.00041926231545179196,-0.26255527067691314,11.230105926020125
inst_late_ratio_1y,0,"(-inf, 0.02)",93059,0.504368421623145,86854,6205,0.06667812892895905,0.20639113580919055,0.01970929893205349,0.0024592989349828363,-0.42346512931642155,13.751920959433319
inst_late_ratio_1y,1,"[0.02, 0.09)",12921,0.07003024291892947,11632,1289,0.09976008048912623,-0.2325887967457887,0.0041769806661736695,0.0005209488594523151,-0.42346512931642155,8.388191606699358
inst_late_ratio_1y,2,"[0.09, 0.20)",11936,0.064691663143746,10487,1449,0.12139745308310992,-0.45321926206617924,0.01606718960649876,0.0019913841309980914,-0.42346512931642155,5.6923916049575505
inst_late_ratio_1y,3,"[0.20, inf)",12405,0.06723358589964554,10723,1682,0.13559048770656992,-0.5800745878926497,0.028831252633513785,0.003554213896225785,-0.42346512931642155,4.142394477011726
inst_late_ratio_1y,4,Special,0,0.0,0,0,0.0,0.0,0.0,0.0,-0.42346512931642155,11.230105926020125
inst_late_ratio_1y,5,Missing,54185,0.29367608641453397,49915,4270,0.07880409707483621,0.026225737967953133,0.00019977911980766677,2.497167434457664e-05,-0.42346512931642155,11.230105926020125
inst_late_ratio,0,"(-inf, 0.02)",91102,0.49376172048605466,84977,6125,0.0672323329893965,0.19751988162872758,0.01773715129449495,0.0022135467660431875,-0.3603747817169822,13.283960755789888
inst_late_ratio,1,"[0.02, 0.06)",18624,0.10093980683555007,17266,1358,0.07291666666666667,0.11024422709692461,0.001171467148366159,0.00014635928355232006,-0.3603747817169822,12.376449455644444
inst_late_ratio,2,"[0.06, 0.08)",12168,0.0659490748268349,11088,1080,0.08875739644970414,-0.10357959226848301,0.0007389818042826879,9.233145424849057e-05,-0.3603747817169822,10.153062723624515
inst_late_ratio,3,"[0.08, 0.14)",16886,0.09152005896827203,15303,1583,0.09374629870898969,-0.16375488686987794,0.002628785564858386,0.00032823153806577077,-0.3603747817169822,9.52734687957493
inst_late_ratio,4,"[0.14, 0.24)",18532,0.10044117806466998,16588,1944,0.10489963306712713,-0.28855015723401456,0.009439437833781306,0.001175853263230893,-0.3603747817169822,8.229698426891133
inst_late_ratio,5,"[0.24, inf)",17688,0.09586680107963969,15483,2205,0.12466078697421981,-0.4834668546440115,0.02743717951849741,0.0033966310499303834,-0.3603747817169822,6.202912074665672
inst_late_ratio,6,Special,0,0.0,0,0,0.0,0.0,0.0,0.0,-0.3603747817169822,11.230105926020125
inst_late_ratio,7,Missing,9506,0.05152135973897868,8906,600,0.06311803071744161,0.26506883708559936,0.0032408410813109336,0.00040392331554175336,-0.3603747817169822,11.230105926020125
prev_days_since_last_refusal,0,"(-inf, -958.50)",15532,0.0841815442316239,14423,1109,0.07140097862477465,0.1328834526532412,0.001406072150520074,0.00017562981809333186,-0.14207646771570714,11.774856365763338
prev_days_since_last_refusal,1,"[-958.50, -485.50)",10438,0.05657268598311166,9360,1078,0.10327648974899406,-0.2711441755772066,0.004660474787597258,0.0005807813294898415,-0.14207646771570714,10.118561140493426
prev_days_since_last_refusal,2,"[-485.50, -254.50)",14790,0.08015999479691717,13190,1600,0.10818120351588911,-0.3230266560964141,0.009578520212838606,0.0011921363977268487,-0.14207646771570714,9.905870970923862
prev_days_since_last_refusal,3,"[-254.50, -162.50)",10075,0.054605270289313085,8775,1300,0.12903225806451613,-0.5229394886954635,0.01858609497432874,0.002297146428781317,-0.14207646771570714,9.086336248622326
prev_days_since_last_refusal,4,"[-162.50, inf)",9407,0.050984791822488155,8272,1135,0.12065483150845116,-0.44623832674719477,0.012240159069644072,0.001517450327976574,-0.14207646771570714,9.400769617607455
prev_days_since_last_refusal,5,Special,0,0.0,0,0,0.0,0.0,0.0,0.0,-0.14207646771570714,11.230105926020125
prev_days_since_last_refusal,6,Missing,124264,0.673495712876546,115591,8673,0.06979495268138801,0.15736135325394374,0.015615057494289163,0.0019498707740791058,-0.14207646771570714,11.230105926020125
bureau_active_count,0,"(-inf, 0.50)",27806,0.15070512612055975,26274,1532,0.05509602244119974,0.4095237921490149,0.02131739213854708,0.0026462082792956133,-0.22297849649687548,13.864899863415046
bureau_active_count,1,"[0.50, 1.50)",44361,0.24043120548925237,41214,3147,0.07094069114762967,0.13984639279762767,0.0044348595381078606,0.0005539061511935705,-0.22297849649687548,12.129849567228796
bureau_active_count,2,"[1.50, 2.50)",35055,0.18999382133914344,32440,2615,0.07459706176009129,0.0856461381504241,0.0013445510811636245,0.00016801753609724116,-0.22297849649687548,11.78113600018469
bureau_active_count,3,"[2.50, 3.50)",22889,0.12405558626819724,20998,1891,0.08261610380532133,-0.025160588163472664,7.936709832223069e-05,9.920625612328936e-06,-0.22297849649687548,11.068227748426267
bureau_active_count,4,"[3.50, 4.50)",13315,0.07216567482900285,12041,1274,0.09568156214795344,-0.18632605781979183,0.0027092181269222524,0.0003381632344005691,-0.22297849649687548,10.031321442837653
bureau_active_count,5,"[4.50, inf)",14739,0.07988358102175538,12970,1769,0.12002171110658796,-0.44025741042919786,0.01862094657496481,0.0023090005334812317,-0.22297849649687548,8.397578053085336
bureau_active_count,6,Special,0,0.0,0,0,0.0,0.0,0.0,0.0,-0.22297849649687548,11.230105926020125
bureau_active_count,7,Missing,26341,0.14276500493208893,23674,2667,0.1012490034546904,-0.24905883924807704,0.009831638100687247,0.0012257882298349135,-0.22297849649687548,11.230105926020125
inst_payment_ratio,0,"(-inf, 0.80)",9393,0.05090891353126727,8128,1265,0.1346747577983605,-0.5722392249232595,0.02117651819640052,0.0026115291888924985,-0.1892776343468658,8.104879716877623
inst_payment_ratio,1,"[0.80, 0.92)",17324,0.09389396550789676,15394,1930,0.11140614176864465,-0.3560241733845704,0.013818387463040899,0.0017182333326398475,-0.1892776343468658,9.285716186049106
inst_payment_ratio,2,"[0.92, 0.95)",11816,0.06404127779042416,10676,1140,0.0964793500338524,-0.1955120244440285,0.002657344594932672,0.0003316400372472385,-0.1892776343468658,10.16233692944893
inst_payment_ratio,3,"[0.95, 0.97)",9284,0.05031814683533327,8482,802,0.08638517880224042,-0.07388905141188085,0.0002833661890408756,3.541271820530856e-05,-0.1892776343468658,10.82656840188054
inst_payment_ratio,4,"[0.97, 0.99)",10844,0.05877315642851723,9957,887,0.0817963850977499,-0.014295875501397326,1.2083813542290195e-05,1.5104638304498555e-06,-0.1892776343468658,11.152030458883813
inst_payment_ratio,5,"[0.99, 1.01)",97248,0.5270722903320217,90087,7161,0.07363647581441264,0.09964424047088549,0.005019433400847817,0.000627169731885811,-0.1892776343468658,11.774302790454701
inst_payment_ratio,6,"[1.01, 1.20)",9706,0.05260533532784842,9103,603,0.062126519678549354,0.2819601181982012,0.0037180627068573394,0.0004632243926528702,-0.1892776343468658,12.770002376572092
inst_payment_ratio,7,"[1.20, inf)",9379,0.05083303524004639,8872,507,0.054056935707431496,0.4296625318591176,0.007849788486236072,0.0009737448987214917,-0.1892776343468658,13.576664056201984
inst_payment_ratio,8,Special,0,0.0,0,0,0.0,0.0,0.0,0.0,-0.1892776343468658,11.230105926020125
inst_payment_ratio,9,Missing,9512,0.05155387900664477,8912,600,0.06307821698906645,0.2657423133710166,0.003258475931910749,0.0004061152165359097,-0.1892776343468658,11.230105926020125
cc_utilization_avg_1y,0,"(-inf, 0.52)",29609,0.16047716605422047,27715,1894,0.06396703704954575,0.2508007945279793,0.009090664288059006,0.0011333641824485662,-0.2420395028298679,12.981644454038076
cc_utilization_avg_1y,1,"[0.52, inf)",13107,0.07103834021657832,11132,1975,0.15068284122987716,-0.7032265482693429,0.04708966347464622,0.005767842536060639,-0.2420395028298679,6.318923744412571
cc_utilization_avg_1y,2,Special,0,0.0,0,0,0.0,0.0,0.0,0.0,-0.2420395028298679,11.230105926020125
cc_utilization_avg_1y,3,Missing,141790,0.7684844937292012,130764,11026,0.07776288877918047,0.040656058035355436,0.001248780983956508,0.00015608687321172834,-0.2420395028298679,11.230105926020125
region_rating_client_w_city,0,"(-inf, 1.50)",20447,0.11082024432809773,19442,1005,0.04915146476255686,0.5299661393079362,0.024990390750555425,0.003087747828162204,-0.21149273798942858,14.46416625223764
region_rating_client_w_city,1,"[1.50, 2.50)",137735,0.7465068886648673,126851,10884,0.07902130903546666,0.023237354840079494,0.00039918765654585773,4.9897334435900983e-05,-0.21149273798942858,11.371909339107377
region_rating_client_w_city,2,"[2.50, inf)",26324,0.142672867007035,23318,3006,0.11419237197994225,-0.3838666903995853,0.024695448562389224,0.003068116678427893,-0.21149273798942858,8.88760148677636
region_rating_client_w_city,3,Special,0,0.0,0,0,0.0,0.0,0.0,0.0,-0.21149273798942858,11.230105926020125
region_rating_client_w_city,4,Missing,0,0.0,0,0,0.0,0.0,0.0,0.0,-0.21149273798942858,11.230105926020125
days_last_phone_change,0,"(-inf, -2198.50)",17349,0.09402946245650548,16441,908,0.05233731050781025,0.46380712182968153,0.016684773760389553,0.0020671018558998874,-0.13133712799178124,12.987744044782593
days_last_phone_change,1,"[-2198.50, -1569.50)",28797,0.15607622516340933,27004,1793,0.06226343021842553,0.2796128149767263,0.010858877420305372,0.0013529551036979004,-0.13133712799178124,12.289723424256911
days_last_phone_change,2,"[-1569.50, -1356.50)",12430,0.06736908284825426,11617,813,0.06540627514078841,0.2270117183857625,0.003157720620043984,0.00039386969819091245,-0.13133712799178124,12.090386915381709
days_last_phone_change,3,"[-1356.50, -1122.50)",11391,0.06173782966407596,10581,810,0.0711087700816434,0.1372989776577751,0.001098839542010621,0.00013724715769990702,-0.13133712799178124,11.750412547976309
days_last_phone_change,4,"[-1122.50, -956.50)",9265,0.05021516915439064,8527,738,0.07965461413923368,0.014567060561675227,1.059075064125617e-05,1.3238321253392971e-06,-0.13133712799178124,11.285309090690209
days_last_phone_change,5,"[-956.50, -713.50)",16661,0.09030058643079358,15251,1410,0.08462877378308625,-0.051426623295932394,0.00024402556698321763,3.0499834995316184e-05,-0.13133712799178124,11.03522018759595
days_last_phone_change,6,"[-713.50, -596.50)",10179,0.055168937595525346,9232,947,0.0930346792415758,-0.1553500980180993,0.001421134932099815,0.00017746345065375053,-0.13133712799178124,10.641392986570338
days_last_phone_change,7,"[-596.50, -347.50)",24722,0.1339902225401884,22411,2311,0.09347949195048945,-0.16061041511869467,0.0036974084307277145,0.00046167993710998726,-0.13133712799178124,10.621458549564906
days_last_phone_change,8,"[-347.50, inf)",53711,0.29110706426891264,48546,5165,0.09616279719238145,-0.19187529409774617,0.011616324898038958,0.0014498172663949174,-0.13133712799178124,10.502977524833561
days_last_phone_change,9,Special,0,0.0,0,0,0.0,0.0,0.0,0.0,-0.13133712799178124,11.230105926020125
days_last_phone_change,10,Missing,1,5.419877944348693e-06,1,0,0.0,0.0,0.0,0.0,-0.13133712799178124,11.230105926020125
name_education_type,0,['Academic degree' 'Higher education'],45004,0.2439161870074686,42584,2420,0.05377299795573727,0.4352290621219592,0.03856042183499364,0.004782366290830384,-0.46203737330536004,17.03239722255363
name_education_type,1,['Secondary / secondary special' 'Incomplete higher' 'Lower secondary'],139502,0.7560838129925314,127027,12475,0.08942524121517971,-0.11180897292953906,0.009906050712882503,0.0012376117525143594,-0.46203737330536004,9.739515597928424
name_education_type,2,Special,0,0.0,0,0,0.0,0.0,0.0,0.0,-0.46203737330536004,11.230105926020125
name_education_type,3,Missing,0,0.0,0,0,0.0,0.0,0.0,0.0,-0.46203737330536004,11.230105926020125
prev_credit_to_application_ratio,0,"(-inf, 0.88)",9310,0.050459063661886336,8788,522,0.0560687432867884,0.3909928520419599,0.006555917916711525,0.0008143093232176111,-0.4509299318394583,16.317348147176315
prev_credit_to_application_ratio,1,"[0.88, 0.94)",12343,0.06689755346709592,11536,807,0.06538118771773475,0.22742219767487937,0.0031464320045561465,0.0003924586022545722,-0.4509299318394583,14.189116046020008
prev_credit_to_application_ratio,2,"[0.94, 0.99)",19132,0.1036931048312792,17775,1357,0.070928287685553,0.14003460125667067,0.0019176660373856384,0.0002395125879889157,-0.4509299318394583,13.0521083800682
prev_credit_to_application_ratio,3,"[0.99, 1.07)",54167,0.29357852861153566,50201,3966,0.07321801096608636,0.10579492314049554,0.003143528847286364,0.0003927579576029367,-0.4509299318394583,12.606612931131679
prev_credit_to_application_ratio,4,"[1.07, 1.09)",13611,0.07376995870053006,12532,1079,0.07927411652340019,0.01976869323404573,2.8591480910629886e-05,3.5738769192055863e-06,-0.4509299318394583,11.487318124023503
prev_credit_to_application_ratio,5,"[1.09, 1.10)",9276,0.05027478781177848,8422,854,0.0920655454937473,-0.14381057864659885,0.0011044476607377895,0.0001379371137317255,-0.4509299318394583,9.358973899643928
prev_credit_to_application_ratio,6,"[1.10, 1.12)",10426,0.056507647447779474,9437,989,0.09485900633032802,-0.17678291318128103,0.0019020144628826708,0.00023744269638274014,-0.4509299318394583,8.929967968975609
prev_credit_to_application_ratio,7,"[1.12, 1.15)",11311,0.06130423942852807,10097,1214,0.10732914861639112,-0.3141643361950246,0.006903297358401188,0.0008593808918080465,-0.4509299318394583,7.142486249276466
prev_credit_to_application_ratio,8,"[1.15, 1.22)",12178,0.06600327360627839,10815,1363,0.11192314008868451,-0.3612360868892752,0.010022012661066481,0.0012459843221753674,-0.4509299318394583,6.530031580847306
prev_credit_to_application_ratio,9,"[1.22, 1.38)",9226,0.05000379391456104,8170,1056,0.11445913722089747,-0.38650126999206025,0.008784102592727966,0.0010912291034110306,-0.4509299318394583,6.201304072059149
prev_credit_to_application_ratio,10,"[1.38, inf)",13018,0.0705559710795313,11981,1037,0.0796589337839914,0.01450813883046953,1.4761002899087845e-05,1.8451091803423861e-06,-0.4509299318394583,11.418872590227172
prev_credit_to_application_ratio,11,Special,0,0.0,0,0,0.0,0.0,0.0,0.0,-0.4509299318394583,11.230105926020125
prev_credit_to_application_ratio,12,Missing,10508,0.05695207743921607,9857,651,0.061952797868290825,0.2849455058769679,0.004105891751998121,0.0005115071669301572,-0.4509299318394583,11.230105926020125
prev_days_since_first,0,"(-inf, -2763.50)",13419,0.07272934213521512,12621,798,0.0594679186228482,0.3285267812289199,0.006845322715890739,0.0008518379929925938,-0.1967779677875994,13.095419215523934
prev_days_since_first,1,"[-2763.50, -2427.50)",27829,0.15082978331327979,25978,1851,0.06651334938373639,0.2090419988138299,0.006039713907791418,0.0007535926162363909,-0.1967779677875994,12.417007088212351
prev_days_since_first,2,"[-2427.50, -2040.50)",21121,0.11447324206258876,19648,1473,0.0697410160503764,0.15819242090433683,0.002681250416189724,0.0003348072706444334,-0.1967779677875994,12.128292746308688
prev_days_since_first,3,"[-2040.50, -1822.50)",9378,0.05082761536210204,8702,676,0.07208359991469396,0.12263309365775932,0.0007261445771635571,9.071123780642824e-05,-0.1967779677875994,11.92639357257698
prev_days_since_first,4,"[-1822.50, -1122.50)",33798,0.18318103476309713,31157,2641,0.0781407183857033,0.03539931219413317,0.00022616587641439143,2.8269258545245797e-05,-0.1967779677875994,11.431096564372377
prev_days_since_first,5,"[-1122.50, -753.50)",23388,0.12676010536242724,21257,2131,0.09111510176158714,-0.1323870938053937,0.002348571846668961,0.00029335728376173997,-0.1967779677875994,10.478436900711907
prev_days_since_first,6,"[-753.50, -314.50)",36249,0.1964651556046958,32560,3689,0.10176832464343843,-0.2547528710601008,0.014189307206628511,0.0017688827009749355,-0.1967779677875994,9.78366702642692
prev_days_since_first,7,"[-314.50, inf)",9454,0.051239526085872546,8441,1013,0.10715041252379945,-0.3122974338448654,0.0056971108451952515,0.0007092589496193935,-0.1967779677875994,9.456939819288475
prev_days_since_first,8,Special,0,0.0,0,0,0.0,0.0,0.0,0.0,-0.1967779677875994,11.230105926020125
prev_days_since_first,9,Missing,9870,0.0534941953107216,9247,623,0.06312056737588652,0.26502594121028356,0.0033639089435307653,0.00041926231545179196,-0.1967779677875994,11.230105926020125
bureau_closed_count,0,"(-inf, 0.50)",19945,0.10809946560003468,17748,2197,0.11015292053146152,-0.343301953465712,0.014713825990032764,0.001830249283465044,-0.0628337983352706,10.607699420817482
bureau_closed_count,1,"[0.50, 1.50)",32204,0.17454174931980532,29527,2677,0.08312631971183704,-0.031873659124823206,0.00017970858212498702,2.2462621921380934e-05,-0.0628337983352706,11.172318976124767
bureau_closed_count,2,"[1.50, 2.50)",25865,0.14018514303057894,23947,1918,0.07415426251691475,0.09207808500963255,0.001143585301755034,0.0001428976854524755,-0.0628337983352706,11.39704351119271
bureau_closed_count,3,"[2.50, 7.50)",62814,0.34044421319631885,58515,4299,0.06844015665297545,0.17841870053268316,0.010058348962625908,0.001255628615136433,-0.0628337983352706,11.553579063123713
bureau_closed_count,4,"[7.50, inf)",17337,0.0939644239211733,16200,1137,0.06558228067139643,0.22413603389003756,0.004298555435631487,0.0005361975263508461,-0.0628337983352706,11.636464596966087
bureau_closed_count,5,Special,0,0.0,0,0,0.0,0.0,0.0,0.0,-0.0628337983352706,11.230105926020125
bureau_closed_count,6,Missing,26341,0.14276500493208893,23674,2667,0.1012490034546904,-0.24905883924807704,0.009831638100687247,0.0012257882298349135,-0.0628337983352706,11.230105926020125
code_gender,0,['XNA' 'F'],121359,0.657750967448213,112870,8489,0.06994948870705922,0.15498351263180243,0.01480729862683992,0.0018490621040645472,-0.6257477490936926,14.02837408308427
code_gender,1,['M'],63147,0.34224903255178696,56741,6406,0.10144583273948089,-0.2512199912904993,0.024001839737030493,0.002992365239060959,-0.6257477490936926,6.6942627894910025
code_gender,2,Special,0,0.0,0,0,0.0,0.0,0.0,0.0,-0.6257477490936926,11.230105926020125
code_gender,3,Missing,0,0.0,0,0,0.0,0.0,0.0,0.0,-0.6257477490936926,11.230105926020125
floorsmax_medi,0,"(-inf, 0.05)",10848,0.058794835940294624,9807,1041,0.09596238938053098,-0.18956736680255082,0.0022878283191310584,0.00028555110514622744,-0.2083319172560016,10.090580754952025
floorsmax_medi,1,"[0.05, 0.20)",47254,0.25611091238225314,43756,3498,0.07402547932450163,0.09395537608123217,0.0021736241369363775,0.000271603124164679,-0.2083319172560016,11.79488940013595
floorsmax_medi,2,"[0.20, 0.34)",22643,0.12272229629388746,21294,1349,0.05957691118668021,0.3265797720868937,0.01142336790736285,0.0014216090529188437,-0.2083319172560016,13.193238489033027
floorsmax_medi,3,"[0.34, inf)",12165,0.06593281519300186,11534,631,0.051870119194410196,0.47326661805424264,0.012134298530918136,0.0015027884678952084,-0.2083319172560016,14.075000767339539
floorsmax_medi,4,Special,0,0.0,0,0,0.0,0.0,0.0,0.0,-0.2083319172560016,11.230105926020125
floorsmax_medi,5,Missing,91596,0.4964391401905629,83220,8376,0.09144504126817765,-0.1363647635933427,0.009775201055626851,0.0012209542755261399,-0.2083319172560016,11.230105926020125
days_id_publish,0,"(-inf, -4788.50)",15041,0.0815203841609487,14134,907,0.060301841632870154,0.313714077555761,0.007039412080597603,0.0008763358683719722,-0.16049651989331687,12.682900342598938
days_id_publish,1,"[-4788.50, -4452.50)",20349,0.11028909628955155,19119,1230,0.060445230723868495,0.3111864420360386,0.009380589415754094,0.0011678652782079156,-0.16049651989331687,12.671194987203958
days_id_publish,2,"[-4452.50, -4218.50)",16540,0.08964478119952739,15463,1077,0.06511487303506651,0.2317886817391397,0.004371834257356741,0.0005452592197433773,-0.16049651989331687,12.303507876230446
days_id_publish,3,"[-4218.50, -4052.50)",12175,0.06598701397244534,11278,897,0.07367556468172484,0.09907134872842915,0.0006213535050385329,7.76374398205942e-05,-0.16049651989331687,11.688900454455055
days_id_publish,4,"[-4052.50, -3413.50)",23156,0.12550269367933833,21345,1811,0.07820867161858698,0.03445634772874673,0.0001468655751682011,1.8357288800598332e-05,-0.16049651989331687,11.389671572503183
days_id_publish,5,"[-3413.50, -2884.50)",16347,0.08859874475626808,15040,1307,0.07995350828898269,0.010496890299706685,9.719362086757207e-06,1.2149146831407583e-06,-0.16049651989331687,11.278716507150785
days_id_publish,6,"[-2884.50, -1848.50)",31249,0.16936576588295232,28462,2787,0.08918685397932734,-0.10887787781824487,0.0021015886588653023,0.0002625689037160711,-0.16049651989331687,10.725897845159675
days_id_publish,7,"[-1848.50, -1031.50)",22719,0.12313420701765797,20553,2166,0.09533870328799683,-0.18235722646982921,0.004420456488151831,0.0005517927142606521,-0.16049651989331687,10.38561860654025
days_id_publish,8,"[-1031.50, -496.50)",14583,0.079038080062437,13145,1438,0.09860796818212987,-0.2196937946969122,0.004183320103809012,0.0005218659324563802,-0.16049651989331687,10.212714801020466
days_id_publish,9,"[-496.50, inf)",12347,0.06691923297887331,11072,1275,0.10326395075726898,-0.27100877331497797,0.005507009218263988,0.0006862772619034485,-0.16049651989331687,9.975077666582543
days_id_publish,10,Special,0,0.0,0,0,0.0,0.0,0.0,0.0,-0.16049651989331687,11.230105926020125
days_id_publish,11,Missing,0,0.0,0,0,0.0,0.0,0.0,0.0,-0.16049651989331687,11.230105926020125
cc_over_limit_months,0,"(-inf, 0.50)",29490,0.15983220057884295,27657,1833,0.062156663275686676,0.2814428980470969,0.011257695668870442,0.001402585883104393,-0.29121451947780114,13.594979090447199
cc_over_limit_months,1,"[0.50, 3.50)",9742,0.05280045093384497,8642,1100,0.11291315951549989,-0.3711581358744853,0.008498927946095584,0.0010563097793794187,-0.29121451947780114,8.111384787988545
cc_over_limit_months,2,"[3.50, inf)",12999,0.07045299339858867,11428,1571,0.12085545041926302,-0.4481278684848593,0.01707095134898779,0.0021161912708347417,-0.29121451947780114,7.464633150670837
cc_over_limit_months,3,Special,0,0.0,0,0,0.0,0.0,0.0,0.0,-0.29121451947780114,11.230105926020125
cc_over_limit_months,4,Missing,132275,0.7169143550887234,121884,10391,0.07855603855603856,0.029647732294952878,0.000622377132405836,7.779429239443848e-05,-0.29121451947780114,11.230105926020125
inst_amt_paid_sum,0,"(-inf, 58693.48)",15515,0.08408940630656997,13710,1805,0.1163390267483081,-0.4049170917905234,0.016338235826502404,0.002028440870374012,-0.8074735311448145,1.796039306435672
inst_amt_paid_sum,1,"[58693.48, 88531.70)",12068,0.06540708703240003,10855,1213,0.10051375538614518,-0.24095282021156006,0.004201575503172477,0.0005239301137348364,-0.8074735311448145,5.616203712110631
inst_amt_paid_sum,2,"[88531.70, 113831.05)",9922,0.053776028963827736,8969,953,0.0960491836323322,-0.1905674311161012,0.002115560846089062,0.00026404568201786414,-0.8074735311448145,6.790120859639072
inst_amt_paid_sum,3,"[113831.05, 152483.90)",13467,0.07298949627654386,12305,1162,0.08628499294571916,-0.0726189681666023,0.0003968187481810282,4.959144728399118e-05,-0.8074735311448145,9.53817392952236
inst_amt_paid_sum,4,"[152483.90, 209543.17)",15736,0.08528719933227104,14449,1287,0.08178698525673615,-0.014170714182417665,1.7228521880188172e-05,2.153547216226506e-06,-0.8074735311448145,10.899945840524946
inst_amt_paid_sum,5,"[209543.17, 347800.48)",25095,0.13601183701343045,23182,1913,0.07623032476588962,0.062221431428535645,0.000513021688385181,6.411736843134688e-05,-0.8074735311448145,12.6797881971908
inst_amt_paid_sum,6,"[347800.48, 1282305.19)",55392,0.30021787909336284,51371,4021,0.07259170999422299,0.11506118940942134,0.0037877041190644356,0.0004732020120860256,-0.8074735311448145,13.910889099229982
inst_amt_paid_sum,7,"[1282305.19, inf)",27801,0.15067802673083802,25860,1941,0.06981763245926406,0.1570120755769362,0.0034784990710642126,0.00043436629456850093,-0.8074735311448145,14.888292777362892
inst_amt_paid_sum,8,Special,0,0.0,0,0,0.0,0.0,0.0,0.0,-0.8074735311448145,11.230105926020125
inst_amt_paid_sum,9,Missing,9510,0.051543039250756074,8910,600,0.06309148264984227,0.2655178716688069,0.0032525929714091696,0.00040538400842851955,-0.8074735311448145,11.230105926020125
amt_annuity,0,"(-inf, 13578.75)",32077,0.17385342482087304,29858,2219,0.06917729214078623,0.1669141731010395,0.004517022044811484,0.0005639732205430775,-0.16675121642450658,12.03320062751208
amt_annuity,1,"[13578.75, 16404.75)",13164,0.0713472732594062,12189,975,0.07406563354603464,0.09336972007808697,0.0005981483969149236,7.474140206894337e-05,-0.16675121642450658,11.67934715030554
amt_annuity,2,"[16404.75, 20310.75)",20809,0.11278224014395195,19009,1800,0.08650103320678552,-0.07535610725800446,0.0006610103958404525,8.26067551546834e-05,-0.16675121642450658,10.867535813850388
amt_annuity,3,"[20310.75, 26507.25)",36610,0.19842173154260567,33367,3243,0.08858235454793773,-0.10141343329192765,0.0021294225901673613,0.0002660638176060848,-0.16675121642450658,10.742162994489957
amt_annuity,4,"[26507.25, 29835.00)",15320,0.08303253010742198,13886,1434,0.09360313315926894,-0.16206859742624902,0.002334472926293202,0.00029149017106160297,-0.16675121642450658,10.450325339068621
amt_annuity,5,"[29835.00, 31637.25)",9362,0.05074089731499247,8298,1064,0.11365092928861355,-0.3785028625886784,0.008519968182454624,0.0010586838804404015,-0.16675121642450658,9.408968524701313
amt_annuity,6,"[31637.25, 35952.75)",15280,0.08281573498964803,13949,1331,0.08710732984293194,-0.08300471188277836,0.000590804050622158,7.382931304912381e-05,-0.16675121642450658,10.830735141182258
amt_annuity,7,"[35952.75, 43715.25)",19507,0.10572555906040997,17987,1520,0.07792074639872866,0.038456946307746875,0.00015386160339687352,1.923151534778851e-05,-0.16675121642450658,11.415138564300737
amt_annuity,8,"[43715.25, 53120.25)",12786,0.06929855939644239,12006,780,0.06100422336931018,0.30138589054824916,0.005551207832261903,0.0006912866227854154,-0.16675121642450658,12.680200949749574
amt_annuity,9,"[53120.25, inf)",9583,0.051938690340693525,9054,529,0.05520192006678493,0.4074915025577024,0.007280120192054215,0.0009037706961445508,-0.16675121642450658,13.190719938162683
amt_annuity,10,Special,0,0.0,0,0,0.0,0.0,0.0,0.0,-0.16675121642450658,11.230105926020125
amt_annuity,11,Missing,8,4.3359023554789544e-05,8,0,0.0,0.0,0.0,0.0,-0.16675121642450658,11.230105926020125
prev_reject_hc,0,"(-inf, 0.50)",134939,0.7313529099324684,124845,10094,0.0748041707734606,0.08264978636819542,0.004825885798845405,0.0006030640878306355,-0.07697306744469781,11.413668890967042
prev_reject_hc,1,"[0.50, 1.50)",20746,0.112440787833458,18741,2005,0.09664513641183843,-0.1974124171588918,0.004760583936200314,0.0005941085800105364,-0.07697306744469781,10.791658227564023
prev_reject_hc,2,"[1.50, inf)",18951,0.10271210692335209,16778,2173,0.11466413381879584,-0.38852219043009173,0.01824788135374247,0.0022667461822956474,-0.07697306744469781,10.367208532610015
prev_reject_hc,3,Special,0,0.0,0,0,0.0,0.0,0.0,0.0,-0.07697306744469781,11.230105926020125
prev_reject_hc,4,Missing,9870,0.0534941953107216,9247,623,0.06312056737588652,0.26502594121028356,0.0033639089435307653,0.00041926231545179196,-0.07697306744469781,11.230105926020125
days_registration,0,"(-inf, -10187.50)",16322,0.08846324780765936,15414,908,0.05563043744639137,0.3993050941567433,0.011946603872473531,0.001483482964162292,-0.21749253299353027,13.735948229099638
days_registration,1,"[-10187.50, -9025.50)",11310,0.06129881955058372,10638,672,0.059416445623342175,0.32944744119921143,0.0057996513982471595,0.0007216956305746858,-0.21749253299353027,13.297555970807746
days_registration,2,"[-9025.50, -6965.50)",25313,0.13719337040529847,23501,1812,0.07158377118476672,0.13012977223555167,0.002200061035287363,0.00027481375552914494,-0.21749253299353027,12.04673634954772
days_registration,3,"[-6965.50, -5731.50)",16897,0.09157967762565987,15611,1286,0.07610818488489081,0.0639571745791998,0.0003647045172087523,4.5580296285812434e-05,-0.21749253299353027,11.631469685188922
days_registration,4,"[-5731.50, -4769.50)",16621,0.09008379131301963,15225,1396,0.08399013296432224,-0.0431541843241221,0.000170825862348902,2.1351576040565473e-05,-0.21749253299353027,10.959291498113458
days_registration,5,"[-4769.50, -3748.50)",20629,0.1118066621139692,18832,1797,0.08711037859324253,-0.08304305086340324,0.0007983739814166866,9.976808201217014e-05,-0.21749253299353027,10.70896859800844
days_registration,6,"[-3748.50, -890.50)",53879,0.2920176037635632,49151,4728,0.08775218545258821,-0.09108708141753885,0.0025172210318542415,0.0003145438979334182,-0.21749253299353027,10.658488220109968
days_registration,7,"[-890.50, -529.50)",9231,0.050030893304282786,8362,869,0.09413931318383707,-0.16837220692878363,0.0015221988598027492,0.00019005041974129314,-0.21749253299353027,10.17348479856868
days_registration,8,"[-529.50, inf)",14304,0.0775259341159637,12877,1427,0.09976230425055928,-0.23261355778295467,0.004625096686452471,0.0005768371662323128,-0.21749253299353027,9.770337688919826
days_registration,9,Special,0,0.0,0,0,0.0,0.0,0.0,0.0,-0.21749253299353027,11.230105926020125
days_registration,10,Missing,0,0.0,0,0,0.0,0.0,0.0,0.0,-0.21749253299353027,11.230105926020125
cc_drawings_sum,0,"(-inf, 42750.25)",18270,0.09902117004325063,17253,1017,0.05566502463054187,0.3986469307534022,0.013331969735829844,0.0016555482215720955,-0.04616140999370873,11.76107842159821
cc_drawings_sum,1,"[42750.25, 164844.72)",9231,0.050030893304282786,8234,997,0.10800563319250352,-0.32120556121189026,0.005906595584977137,0.0007351667666462723,-0.04616140999370873,10.802280436161437
cc_drawings_sum,2,"[164844.72, 304152.75)",9329,0.05056204134282896,8289,1040,0.11148033015328546,-0.356773372123794,0.0074749147832773154,0.0009294401457889236,-0.04616140999370873,10.754906361848482
cc_drawings_sum,3,"[304152.75, inf)",15401,0.08347154022091423,13951,1450,0.09414973053697812,-0.1684943597264139,0.0025434532743452034,0.0003175561010653411,-0.04616140999370873,11.005682096879676
cc_drawings_sum,4,Special,0,0.0,0,0,0.0,0.0,0.0,0.0,-0.04616140999370873,11.230105926020125
cc_drawings_sum,5,Missing,132275,0.7169143550887234,121884,10391,0.07855603855603856,0.029647732294952878,0.000622377132405836,7.779429239443848e-05,-0.04616140999370873,11.230105926020125
pos_contract_count,0,"(-inf, 1.50)",53596,0.2904837783053126,48331,5265,0.09823494290618703,-0.21548996244076202,0.014765864175542388,0.0018421701130006025,-0.30069418384597196,9.360471880022002
pos_contract_count,1,"[1.50, 2.50)",44237,0.23975914062415316,40591,3646,0.08241969392137803,-0.022566302679040806,0.00012325540677019916,1.5406598946583446e-05,-0.30069418384597196,11.034316167169377
pos_contract_count,2,"[2.50, 3.50)",29887,0.16198389212274938,27702,2185,0.07310870947234584,0.10740679062545144,0.0017865132287426043,0.00022320687376592603,-0.30069418384597196,12.161988739726304
pos_contract_count,3,"[3.50, 4.50)",18742,0.1015793524329832,17506,1236,0.0659481378721588,0.21818132669484536,0.004414196458631154,0.0005506827316592976,-0.30069418384597196,13.12309078698254
pos_contract_count,4,"[4.50, 5.50)",11188,0.06063759444137318,10450,738,0.06596353235609581,0.21793143921258284,0.0026292866334978733,0.00032801197583354766,-0.30069418384597196,13.120922713169659
pos_contract_count,5,"[5.50, inf)",16022,0.08683728442435476,14952,1070,0.06678317313693671,0.20470442809954514,0.0033404637116856394,0.00041683043353613666,-0.30069418384597196,13.006162517271768
pos_contract_count,6,Special,0,0.0,0,0,0.0,0.0,0.0,0.0,-0.30069418384597196,11.230105926020125
pos_contract_count,7,Missing,10834,0.05871895764907374,10079,755,0.06968801919881853,0.15900958752595118,0.0013891175336516184,0.000173456992884746,-0.30069418384597196,11.230105926020125
flag_document_3,0,"(-inf, 0.50)",53243,0.2885705613909575,49949,3294,0.06186728771857333,0.28641785953878873,0.02100688160146274,0.002616921315452228,-0.4873015817298691,15.25729899275625
flag_document_3,1,"[0.50, inf)",131263,0.7114294386090425,119662,11601,0.0883798176180645,-0.09890219302789838,0.007253830687819637,0.0009063594625217213,-0.4873015817298691,9.83948654673868
flag_document_3,2,Special,0,0.0,0,0,0.0,0.0,0.0,0.0,-0.4873015817298691,11.230105926020125
flag_document_3,3,Missing,0,0.0,0,0,0.0,0.0,0.0,0.0,-0.4873015817298691,11.230105926020125
years_beginexpluatation_medi,0,"(-inf, 0.97)",9547,0.05174357473469698,8764,783,0.08201529276212423,-0.017206988855348104,1.5431207705147734e-05,1.9288771672501027e-06,-0.1606481335694471,11.150345935025747
years_beginexpluatation_medi,1,"[0.97, 0.98)",9511,0.05154845912870042,8747,764,0.08032804121543476,0.005416280673432361,1.50880055577254e-06,1.8859983893900953e-07,-0.1606481335694471,11.255212148925693
years_beginexpluatation_medi,2,"[0.98, 0.98)",23687,0.1283806488677875,21959,1728,0.07295140794528644,0.10973041430208852,0.0014763957563381956,0.00018445693705728718,-0.1606481335694471,11.738742092993848
years_beginexpluatation_medi,3,"[0.98, 0.98)",18497,0.10025148233661778,17200,1297,0.07011947883440559,0.15237348490519853,0.0021838650985902077,0.00027271935873026234,-0.1606481335694471,11.936406597566332
years_beginexpluatation_medi,4,"[0.98, 0.99)",22821,0.12368703456798152,21290,1531,0.0670873318434775,0.19983436864993953,0.004543504011881858,0.0005669948881419275,-0.1606481335694471,12.15640323334547
years_beginexpluatation_medi,5,"[0.99, inf)",10635,0.05764040193814835,10072,563,0.052938410907381286,0.4517529540045908,0.00975109754120753,0.0012086271699689455,-0.1606481335694471,13.324127828747766
years_beginexpluatation_medi,6,Special,0,0.0,0,0,0.0,0.0,0.0,0.0,-0.1606481335694471,11.230105926020125
years_beginexpluatation_medi,7,Missing,89808,0.48674839842606743,81579,8229,0.09162880812399786,-0.13857461829554385,0.009906728787851078,0.0012373512250464305,-0.1606481335694471,11.230105926020125
entrances_avg,0,"(-inf, 0.08)",24074,0.13047814163225044,22141,1933,0.0802940932125945,0.005875899572729271,4.493829962918927e-06,5.617279372608405e-07,-0.09767448783334612,11.246665914935116
entrances_avg,1,"[0.08, 0.11)",13263,0.07188384117589672,12283,980,0.07388976852899043,0.09593690629457452,0.0006355591256320754,7.941443796630416e-05,-0.09767448783334612,11.50048394816164
entrances_avg,2,"[0.11, 0.15)",22207,0.12035922951015143,20716,1491,0.06714099157923177,0.19897731919914152,0.004384982524707413,0.0005472203824578737,-0.09767448783334612,11.79088171183601
entrances_avg,3,"[0.15, 0.25)",21709,0.11766013029386578,20367,1342,0.06181767930351467,0.2872729118582278,0.008613391921323614,0.001072986978435768,-0.09767448783334612,12.039724296291192
entrances_avg,4,"[0.25, inf)",10542,0.05713635328932393,9860,682,0.06469360652627584,0.23872979617331724,0.002947321090939254,0.00036754275993596376,-0.09767448783334612,11.902915719546257
entrances_avg,5,Special,0,0.0,0,0,0.0,0.0,0.0,0.0,-0.09767448783334612,11.230105926020125
entrances_avg,6,Missing,92711,0.5024823040985117,84244,8467,0.09132681127374313,-0.13494089816080557,0.00968286005565796,0.0012094400315740307,-0.09767448783334612,11.230105926020125
credit_term,0,"(-inf, 10.78)",19567,0.10605075173707088,18606,961,0.04911330301017018,0.5307829857783095,0.023980658046432256,0.0029628826311603376,-0.6161881449788007,20.667125726889402
credit_term,1,"[10.78, inf)",164931,0.8939058892393743,150997,13934,0.08448381444361582,-0.049553921119936284,0.00224117250715347,0.0002801179033543322,-0.6161881449788007,10.349065373949998
credit_term,2,Special,0,0.0,0,0,0.0,0.0,0.0,0.0,-0.6161881449788007,11.230105926020125
credit_term,3,Missing,8,4.3359023554789544e-05,8,0,0.0,0.0,0.0,0.0,-0.6161881449788007,11.230105926020125
prev_amt_annuity_avg,0,"(-inf, 5045.51)",14745,0.07991610028942148,13200,1545,0.10478128179043744,-0.28728907433728557,0.007441057513738703,0.0009269466449968828,-0.2910912843501595,8.817130789598096
prev_amt_annuity_avg,1,"[5045.51, 6303.10)",12046,0.06528784971762436,10947,1099,0.09123360451602192,-0.13381722287896602,0.0012366510199382803,0.00015446614331412036,-0.2910912843501595,10.106159140445888
prev_amt_annuity_avg,2,"[6303.10, 8741.41)",26905,0.1458218160927016,24489,2416,0.08979743542092548,-0.11637123651514214,0.0020735907899703957,0.0002590526918972479,-0.2910912843501595,10.252690056817745
prev_amt_annuity_avg,3,"[8741.41, 13355.06)",45302,0.2455313106348845,41578,3724,0.08220387620855592,-0.01970917176980036,9.616856832834773e-05,1.2020876478024013e-05,-0.2910912843501595,11.064566245996772
prev_amt_annuity_avg,4,"[13355.06, 15700.18)",17118,0.09277747065136094,15758,1360,0.07944853370720878,0.017381479495633734,2.7826058187822424e-05,3.478213489286697e-06,-0.2910912843501595,11.376095041526668
prev_amt_annuity_avg,5,"[15700.18, 21090.12)",26005,0.14094392594278776,24000,2005,0.07710055758507979,0.04992777600951115,0.0003440686457603544,4.3004114149600495e-05,-0.2910912843501595,11.649455260503894
prev_amt_annuity_avg,6,"[21090.12, 26614.24)",14768,0.0800407574821415,13673,1095,0.07414680390032503,0.09218672847857823,0.0006544587583284672,8.17783891379003e-05,-0.2910912843501595,12.004393233116746
prev_amt_annuity_avg,7,"[26614.24, inf)",17479,0.09473404658927082,16467,1012,0.0578980490874764,0.35694781379068585,0.010403101598524235,0.0012935278538005251,-0.2910912843501595,14.22815310781419
prev_amt_annuity_avg,8,Special,0,0.0,0,0,0.0,0.0,0.0,0.0,-0.2910912843501595,11.230105926020125
prev_amt_annuity_avg,9,Missing,10138,0.054946722599807055,9499,639,0.06303018346813967,0.2665553609327458,0.0034930268078616606,0.000435340291896505,-0.2910912843501595,11.230105926020125
prev_revolving_count,0,"(-inf, 0.50)",112231,0.6082783215721982,103853,8378,0.07464960661492814,0.08488522161910073,0.004229869745312029,0.0005285750340301935,-0.2816249031455369,11.91988128650431
prev_revolving_count,1,"[0.50, 1.50)",42818,0.23206833382112235,39117,3701,0.08643561119155495,-0.07452789187447584,0.001329943620871308,0.00016620448908395702,-0.2816249031455369,10.62449398906224
prev_revolving_count,2,"[1.50, inf)",19587,0.10615914929595785,17394,2193,0.11196201562260683,-0.3616271438480796,0.016156887259212473,0.0020086776560911974,-0.2816249031455369,8.29153206415314
prev_revolving_count,3,Special,0,0.0,0,0,0.0,0.0,0.0,0.0,-0.2816249031455369,11.230105926020125
prev_revolving_count,4,Missing,9870,0.0534941953107216,9247,623,0.06312056737588652,0.26502594121028356,0.0033639089435307653,0.00041926231545179196,-0.2816249031455369,11.230105926020125
name_family_status,0,['Unknown' 'Widow'],9572,0.05187907168330569,9006,566,0.0591307981613038,0.33457022907843204,0.005051556315564216,0.0006285158345982343,-0.2501980778077075,13.645432152680545
name_family_status,1,['Married'],118020,0.6396539949920328,109158,8862,0.07508896797153025,0.07854190758552182,0.0038182196612229803,0.0004771548186417781,-0.2501980778077075,11.797114920830534
name_family_status,2,['Separated'],11858,0.06426891266408681,10914,944,0.07960870298532637,0.01519348802077447,1.4741777889555887e-05,1.8427045123262987e-06,-0.2501980778077075,11.339790610733733
name_family_status,3,['Civil marriage'],17758,0.0962461925357441,15988,1770,0.09967338664263993,-0.23162309931656289,0.005690763810602432,0.0007097595979692548,-0.2501980778077075,9.557974642789551
name_family_status,4,['Single / not married'],27298,0.14795182812483063,24545,2753,0.10084987911202285,-0.2446650522303564,0.00981440380379695,0.0012237497092808785,-0.2501980778077075,9.463822299927715
name_family_status,5,Special,0,0.0,0,0,0.0,0.0,0.0,0.0,-0.2501980778077075,11.230105926020125
name_family_status,6,Missing,0,0.0,0,0,0.0,0.0,0.0,0.0,-0.2501980778077075,11.230105926020125
wallsmaterial_mode,0,['Monolithic' 'Panel'],40813,0.22120147854270322,38252,2561,0.06274961409354862,0.2713160456900061,0.014540080260135842,0.0018119558338415224,-0.09532235722059637,11.976339503888823
wallsmaterial_mode,1,"['Block' 'Mixed' 'Stone, brick' 'Others' 'Wooden']",50118,0.2716334428148678,46275,3843,0.0766790374715671,0.055866553296952226,0.0008281735911137761,0.00010350823854586967,-0.09532235722059637,11.383762514387218
wallsmaterial_mode,2,Special,0,0.0,0,0,0.0,0.0,0.0,0.0,-0.09532235722059637,11.230105926020125
wallsmaterial_mode,3,Missing,93575,0.507165078642429,85084,8491,0.09074004808976757,-0.1278497687957243,0.00874685133808343,0.0010926123783693668,-0.09532235722059637,11.230105926020125
prev_reject_limit,0,"(-inf, 0.50)",157616,0.8542594820764636,145349,12267,0.07782839305654249,0.03974302340574054,0.0013270226401421066,0.00016586691399050196,-0.06799630396747111,11.308080093004401
prev_reject_limit,1,"[0.50, inf)",17020,0.09224632261281476,15015,2005,0.11780258519388954,-0.41907635290314094,0.01931222483800136,0.002396516629732051,-0.06799630396747111,10.40789546692076
prev_reject_limit,2,Special,0,0.0,0,0,0.0,0.0,0.0,0.0,-0.06799630396747111,11.230105926020125
prev_reject_limit,3,Missing,9870,0.0534941953107216,9247,623,0.06312056737588652,0.26502594121028356,0.0033639089435307653,0.00041926231545179196,-0.06799630396747111,11.230105926020125
prev_term_avg,0,"(-inf, 5.53)",9316,0.05049158292955243,8491,825,0.08855732073851438,-0.10110332191521954,0.0005384866483296561,6.72821772124705e-05,-0.9228310662628542,8.537999863051882
prev_term_avg,1,"[5.53, 6.23)",14038,0.07608424658276695,12856,1182,0.08420002849408748,-0.045879284128596876,0.0001632622447996389,2.040599093350835e-05,-0.9228310662628542,10.00846556220686
prev_term_avg,2,"[6.23, 8.19)",14008,0.07592165024443649,13011,997,0.0711736150770988,0.1363176689617358,0.0013325888285775434,0.00016644475015469224,-0.9228310662628542,14.859874128981055
prev_term_avg,3,"[8.19, 9.89)",13848,0.07505446977334071,12949,899,0.06491912189485846,0.23500881601731782,0.003757664088528831,0.00046863008831921505,-0.9228310662628542,17.48775054606274
prev_term_avg,4,"[9.89, 11.90)",24114,0.1306949367500244,22400,1714,0.07107904122086754,0.13774914510550396,0.0023410101029619442,0.0002923951266144706,-0.9228310662628542,14.897990439430917
prev_term_avg,5,"[11.90, 17.80)",50139,0.27174726025169915,46153,3986,0.07949899280001596,0.01669174888271341,7.518480548871277e-05,9.397991585638216e-06,-0.9228310662628542,11.674561731402834
prev_term_avg,6,"[17.80, 19.68)",11083,0.06006850725721657,10140,943,0.08508526572227736,-0.057304999068185314,0.0002020561176980647,2.5253559422331413e-05,-0.9228310662628542,9.70422989635598
prev_term_avg,7,"[19.68, 24.05)",18393,0.09968781503040551,16735,1658,0.09014298918066656,-0.12059171562971516,0.001524951139754405,0.00019050347434941203,-0.9228310662628542,8.019077023698488
prev_term_avg,8,"[24.05, inf)",19429,0.10530280858075076,17377,2052,0.105615317309177,-0.2961494281483077,0.010457708248888638,0.0013024573611635417,-0.9228310662628542,3.344453348440263
prev_term_avg,9,Special,0,0.0,0,0,0.0,0.0,0.0,0.0,-0.9228310662628542,11.230105926020125
prev_term_avg,10,Missing,10138,0.054946722599807055,9499,639,0.06303018346813967,0.2665553609327458,0.0034930268078616606,0.000435340291896505,-0.9228310662628542,11.230105926020125
cc_zero_payment_months,0,"(-inf, 1.50)",12311,0.06672411737287676,10953,1358,0.11030785476403217,-0.3448816313747969,0.009171904374182535,0.0011408396613134149,-0.20277064501067713,9.212298660622059
cc_zero_payment_months,1,"[1.50, 4.50)",14255,0.07726036009669063,12789,1466,0.1028411083830235,-0.266434170593179,0.00613340524604479,0.0007644160018464739,-0.20277064501067713,9.671273108423705
cc_zero_payment_months,2,"[4.50, 15.50)",15482,0.08391055033440648,14426,1056,0.06820824182922103,0.18206195521750912,0.002577482398032892,0.0003217410637064459,-0.20277064501067713,12.295300191444008
cc_zero_payment_months,3,"[15.50, inf)",10183,0.05519061710730274,9559,624,0.06127860159088677,0.2966060361144329,0.004290441968444598,0.0005343479559521305,-0.20277064501067713,12.965466003757106
cc_zero_payment_months,4,Special,0,0.0,0,0,0.0,0.0,0.0,0.0,-0.20277064501067713,11.230105926020125
cc_zero_payment_months,5,Missing,132275,0.7169143550887234,121884,10391,0.07855603855603856,0.029647732294952878,0.000622377132405836,7.779429239443848e-05,-0.20277064501067713,11.230105926020125
own_car_age,0,"(-inf, 3.50)",11787,0.06388410133003805,11094,693,0.05879358615423772,0.34064770784537446,0.006432387236796874,0.0008001832184900918,-0.6128697048867625,17.254011556246994
own_car_age,1,"[3.50, 7.50)",13705,0.07427942722729884,12954,751,0.05479751915359358,0.41527225439882587,0.010778457613519556,0.001337708891041906,-0.6128697048867625,18.573648282939757
own_car_age,2,"[7.50, 11.50)",11882,0.06439898973475118,11044,838,0.07052684733209898,0.1461424789880601,0.0012938302397476943,0.00016158501088094123,-0.6128697048867625,13.814443004228476
own_car_age,3,"[11.50, 16.50)",12188,0.06605747238572188,11153,1035,0.08491959304233672,-0.055174900284834294,0.0002058054945498487,2.57224241517318e-05,-0.6128697048867625,10.254410552711208
own_car_age,4,"[16.50, inf)",13015,0.07053971144569825,11801,1214,0.09327698809066462,-0.1582184125735968,0.0018870718106900148,0.00023563824641222595,-0.6128697048867625,8.432221882308104
own_car_age,5,Special,0,0.0,0,0,0.0,0.0,0.0,0.0,-0.6128697048867625,11.230105926020125
own_car_age,6,Missing,121929,0.6608402978764918,111565,10364,0.08500028705230094,-0.05621287559329913,0.0021380074256006644,0.0002672157469736612,-0.6128697048867625,11.230105926020125
reg_city_not_live_city,0,"(-inf, 0.50)",170148,0.9221813924750415,157013,13135,0.07719749864823565,0.04856618775073196,0.0021313083820447636,0.00026638736822349324,-0.19682111555363838,11.505916071956651
reg_city_not_live_city,1,"[0.50, inf)",14358,0.07781860752495853,12598,1760,0.12257974648279704,-0.4642577314302252,0.020373771141042853,0.0025240938839681,-0.19682111555363838,8.593559831129216
reg_city_not_live_city,2,Special,0,0.0,0,0,0.0,0.0,0.0,0.0,-0.19682111555363838,11.230105926020125
reg_city_not_live_city,3,Missing,0,0.0,0,0,0.0,0.0,0.0,0.0,-0.19682111555363838,11.230105926020125
pos_dpd_ratio,0,"(-inf, 0.03)",149258,0.8089601422175973,137779,11479,0.07690710045692693,0.05264967952799671,0.0021935013432711546,0.00027415600375027376,-0.17132250315851374,11.4903702721852
pos_dpd_ratio,1,"[0.03, 0.11)",14660,0.07945541066415185,13158,1502,0.1024556616643929,-0.2622496082580388,0.006100369661257263,0.000760368527376514,-0.17132250315851374,9.933721533233253
pos_dpd_ratio,2,"[0.11, inf)",9754,0.05286548946917716,8595,1159,0.11882304695509535,-0.42885891910270413,0.01163775868081264,0.0014436733514524135,-0.17132250315851374,9.110117975894555
pos_dpd_ratio,3,Special,0,0.0,0,0,0.0,0.0,0.0,0.0,-0.17132250315851374,11.230105926020125
pos_dpd_ratio,4,Missing,10834,0.05871895764907374,10079,755,0.06968801919881853,0.15900958752595118,0.0013891175336516184,0.000173456992884746,-0.17132250315851374,11.230105926020125
cc_atm_drawings_ratio,0,"(-inf, 0.51)",10690,0.05793849522508753,9681,1009,0.09438727782974743,-0.17127653321343939,0.0018263536478737741,0.00022801556634886866,-0.2517767084839415,9.985826414180119
cc_atm_drawings_ratio,1,"[0.51, 1.00)",12887,0.06984596706882161,11362,1525,0.1183363079071933,-0.42420194950434187,0.015014530592090488,0.001862869726350986,-0.2517767084839415,8.148388981217876
cc_atm_drawings_ratio,2,"[1.00, inf)",12207,0.0661604500666645,11145,1062,0.08699926271811256,-0.081644949561817,0.0004563880880057036,5.7032671298913856e-05,-0.2517767084839415,10.63697658086703
cc_atm_drawings_ratio,3,Special,0,0.0,0,0,0.0,0.0,0.0,0.0,-0.2517767084839415,11.230105926020125
cc_atm_drawings_ratio,4,Missing,148722,0.8060550876394263,137423,11299,0.07597396484716451,0.06586754044105136,0.0034019181070925712,0.00042516290852905383,-0.2517767084839415,11.230105926020125
pos_dpd_def_max,0,"(-inf, 2.50)",156115,0.8461242452819963,144003,12112,0.07758383243122058,0.04315544241732816,0.0015475735088170662,0.0001934316785996478,-0.38344771176190107,11.707576111547796
pos_dpd_def_max,1,"[2.50, inf)",17557,0.09515679706893,15529,2028,0.11550948339693569,-0.39682283572178667,0.01769691345074254,0.0021977134183136463,-0.38344771176190107,6.839673054044283
pos_dpd_def_max,2,Special,0,0.0,0,0,0.0,0.0,0.0,0.0,-0.38344771176190107,11.230105926020125
pos_dpd_def_max,3,Missing,10834,0.05871895764907374,10079,755,0.06968801919881853,0.15900958752595118,0.0013891175336516184,0.000173456992884746,-0.38344771176190107,11.230105926020125
prev_down_payment_rate_avg,0,"(-inf, 0.03)",55690,0.30183300272077873,50541,5149,0.09245825103250134,-0.14849962657172977,0.007084118163431791,0.0008847020208816118,-0.1753324659358125,10.47884251623938
prev_down_payment_rate_avg,1,"[0.03, 0.05)",16408,0.08892935731087336,15062,1346,0.08203315455875183,-0.017444209123278043,2.7259925572811046e-05,3.407447493059836e-06,-0.1753324659358125,11.141855225803367
prev_down_payment_rate_avg,2,"[0.05, 0.10)",30424,0.16489436657886464,27980,2444,0.08033131738101498,0.005371934348084473,4.747763854047179e-06,5.934697681751918e-07,-0.1753324659358125,11.257282679313244
prev_down_payment_rate_avg,3,"[0.10, 0.10)",10727,0.058139030709028434,9866,861,0.08026475249370747,0.00627328378605041,2.28199900560591e-06,2.852494079588866e-07,-0.1753324659358125,11.26184262917846
prev_down_payment_rate_avg,4,"[0.10, 0.17)",30986,0.16794033798358862,28791,2195,0.07083844316788226,0.14139879819656365,0.003164838468376271,0.0003952755721439282,-0.1753324659358125,11.945446063395748
prev_down_payment_rate_avg,5,"[0.17, inf)",19849,0.10757915731737722,18663,1186,0.05975112096327271,0.3234746600455569,0.009836897414755796,0.0012242791709237127,-0.1753324659358125,12.866572506399766
prev_down_payment_rate_avg,6,Special,0,0.0,0,0,0.0,0.0,0.0,0.0,-0.1753324659358125,11.230105926020125
prev_down_payment_rate_avg,7,Missing,20422,0.11068474737948901,18708,1714,0.0839290960728626,-0.04236057389185044,0.00020217524091303545,2.5270015768356652e-05,-0.1753324659358125,11.230105926020125
