degisken,onem,pay_yuzde
ext_source_mean,245.99282836914062,8.52
ext_source_min,74.22062683105469,2.57
ext_source_max,51.07063293457031,1.77
cc_utilization_avg_1y,37.17829895019531,1.29
name_education_type,36.436737060546875,1.26
credit_goods_ratio,34.3011474609375,1.19
prev_refused_ratio,29.90087890625,1.04
inst_late_ratio_1y,29.721538543701172,1.03
ext_source_count,28.630615234375,0.99
flag_document_3,27.137569427490234,0.94
inst_amt_paid_sum,23.574138641357422,0.82
bureau_debt_ratio,23.31331443786621,0.81
inst_late_count_1y,22.85626220703125,0.79
employed_years,22.612361907958984,0.78
pos_dpd_ratio_1y,22.109416961669922,0.77
ext_source_3,21.979782104492188,0.76
inst_late_ratio,21.524505615234375,0.75
floorsmax_medi,20.742624282836914,0.72
credit_term,20.411983489990234,0.71
cc_utilization_avg,19.976627349853516,0.69
own_car_age,19.889619827270508,0.69
def_30_cnt_social_circle,19.856246948242188,0.69
name_contract_type,19.24773597717285,0.67
pos_remaining_avg,18.1767520904541,0.63
inst_dpd_avg,18.16575813293457,0.63
pos_contract_count,17.99563217163086,0.62
amt_annuity,17.871028900146484,0.62
def_60_cnt_social_circle,17.661863327026367,0.61
inst_unpaid_count,17.36927032470703,0.6
bureau_active_count,17.350093841552734,0.6
prev_credit_to_application_ratio,17.071287155151367,0.59
ext_source_1,17.033815383911133,0.59
cc_utilization_max,17.02242660522461,0.59
pos_dpd_months_1y,16.92725372314453,0.59
amt_goods_price,16.760482788085938,0.58
prev_days_since_last_refusal,16.75126075744629,0.58
prev_term_avg,16.696022033691406,0.58
flag_own_car,16.59056282043457,0.57
inst_underpaid_ratio,16.401674270629883,0.57
reg_city_not_live_city,16.34600830078125,0.57
pos_month_count,16.228322982788086,0.56
region_rating_client_w_city,16.14377212524414,0.56
organization_type,16.092809677124023,0.56
cc_active_months,16.048219680786133,0.56
employed_life_ratio,15.994328498840332,0.55
inst_payment_ratio,15.82786750793457,0.55
bureau_days_since_last,15.72950267791748,0.54
amt_credit,15.70559310913086,0.54
pos_dpd_def_max,15.663054466247559,0.54
housetype_mode,15.645928382873535,0.54
pos_active_months,15.449824333190918,0.54
floorsmax_avg,14.856801986694336,0.51
days_birth,14.85459041595459,0.51
livingarea_avg,14.720355033874512,0.51
cc_months_since_last,14.614570617675781,0.51
annuity_income_ratio,14.606595039367676,0.51
age_years,14.50164794921875,0.5
pos_months_1y,14.398865699768066,0.5
prev_days_since_first,14.18437385559082,0.49
bb_severe_dpd_months,14.08613109588623,0.49
name_income_type,13.733809471130371,0.48
elevators_medi,13.402036666870117,0.46
cc_over_limit_months,13.358569145202637,0.46
bb_dpd_ratio,13.280381202697754,0.46
elevators_avg,13.277862548828125,0.46
cc_dpd_months_1y,13.151806831359863,0.46
cc_month_count,13.086959838867188,0.45
bureau_type_count,13.012285232543945,0.45
occupation_type,12.941305160522461,0.45
prev_refused_last_year,12.939911842346191,0.45
cc_balance_max,12.882540702819824,0.45
flag_work_phone,12.858064651489258,0.45
ext_source_2,12.602845191955566,0.44
bureau_overdue_sum,12.566181182861328,0.44
bureau_amt_sum,12.154228210449219,0.42
inst_late30_ratio,12.124711036682129,0.42
prev_amt_annuity_avg,12.121718406677246,0.42
livingarea_medi,12.112595558166504,0.42
prev_refused_count,12.049866676330566,0.42
pos_dpd_ratio,11.992254257202148,0.42
prev_down_payment_rate_avg,11.969770431518555,0.41
apartments_avg,11.835649490356445,0.41
inst_amt_due_sum,11.639300346374512,0.4
bureau_closed_count,11.579607009887695,0.4
inst_count,11.501432418823242,0.4
pos_completed_months,11.45866584777832,0.4
wallsmaterial_mode,11.456406593322754,0.4
days_employed,11.454313278198242,0.4
prev_reject_limit,11.429779052734375,0.4
region_rating_client,11.292190551757812,0.39
apartments_mode,11.28610610961914,0.39
pos_term_avg,11.092696189880371,0.38
livingapartments_medi,11.025673866271973,0.38
prev_days_since_last,11.019186973571777,0.38
pos_months_since_last,11.015361785888672,0.38
cc_limit_avg,10.952269554138184,0.38
apartments_medi,10.929598808288574,0.38
inst_dpd_max,10.866596221923828,0.38
credit_income_ratio,10.846199035644531,0.38
cc_atm_drawings_sum,10.813531875610352,0.37
entrances_mode,10.717080116271973,0.37
livingapartments_avg,10.641570091247559,0.37
amt_req_credit_bureau_qrt,10.621018409729004,0.37
bb_worst_status,10.595274925231934,0.37
livingarea_mode,10.583365440368652,0.37
cc_payment_to_min_ratio,10.577953338623047,0.37
cc_zero_payment_months,10.561841011047363,0.37
days_id_publish,10.547436714172363,0.37
prev_amt_application_sum,10.5143404006958,0.36
totalarea_mode,10.487582206726074,0.36
fondkapremont_mode,10.481253623962402,0.36
name_housing_type,10.44749927520752,0.36
pos_dpd30_months,10.43107795715332,0.36
cc_balance_avg,10.415284156799316,0.36
entrances_medi,10.393967628479004,0.36
landarea_mode,10.340448379516602,0.36
bureau_debt_sum,10.297124862670898,0.36
obs_30_cnt_social_circle,10.13576602935791,0.35
days_registration,10.134530067443848,0.35
basementarea_medi,10.100476264953613,0.35
days_last_phone_change,10.087428092956543,0.35
reg_city_not_work_city,10.07275104522705,0.35
nonlivingapartments_mode,10.01848030090332,0.35
bb_dpd_months,9.990360260009766,0.35
cc_dpd_months,9.924921989440918,0.34
name_type_suite,9.903926849365234,0.34
cc_dpd_ratio,9.891057968139648,0.34
flag_own_realty,9.879538536071777,0.34
amt_req_credit_bureau_year,9.87569808959961,0.34
prev_reject_hc,9.852249145507812,0.34
prev_insured_ratio,9.79161548614502,0.34
cc_drawings_sum,9.769816398620605,0.34
hour_appr_process_start,9.745786666870117,0.34
flag_document_8,9.723003387451172,0.34
floorsmax_mode,9.713455200195312,0.34
nonlivingapartments_avg,9.686125755310059,0.34
amt_income_total,9.66809368133545,0.33
floorsmin_medi,9.655399322509766,0.33
bb_total_months,9.652985572814941,0.33
prev_unused_count,9.629505157470703,0.33
nonlivingarea_mode,9.60154914855957,0.33
bureau_days_since_first,9.600345611572266,0.33
cc_atm_drawings_ratio,9.597503662109375,0.33
basementarea_mode,9.597328186035156,0.33
elevators_mode,9.594929695129395,0.33
years_beginexpluatation_medi,9.558345794677734,0.33
inst_late_count,9.51871395111084,0.33
floorsmin_avg,9.515205383300781,0.33
region_population_relative,9.493409156799316,0.33
flag_document_16,9.490523338317871,0.33
prev_cash_count,9.474578857421875,0.33
commonarea_mode,9.448661804199219,0.33
years_build_mode,9.415655136108398,0.33
years_beginexpluatation_mode,9.342453956604004,0.32
commonarea_medi,9.325737953186035,0.32
landarea_medi,9.309990882873535,0.32
flag_email,9.30952262878418,0.32
income_per_person,9.3031005859375,0.32
prev_amt_credit_sum,9.269338607788086,0.32
weekday_appr_process_start,9.255620956420898,0.32
pos_dpd_max,9.127256393432617,0.32
years_beginexpluatation_avg,9.11162281036377,0.32
live_city_not_work_city,9.079771995544434,0.31
bureau_credit_count,9.073824882507324,0.31
commonarea_avg,9.072671890258789,0.31
flag_document_18,9.01711368560791,0.31
landarea_avg,8.965490341186523,0.31
inst_count_1y,8.960102081298828,0.31
inst_underpaid_count,8.955328941345215,0.31
basementarea_avg,8.91076374053955,0.31
bureau_max_overdue_days,8.885382652282715,0.31
nonlivingarea_avg,8.860013008117676,0.31
prev_revolving_count,8.766029357910156,0.3
floorsmin_mode,8.71049976348877,0.3
prev_consumer_count,8.68057918548584,0.3
reg_region_not_live_region,8.647201538085938,0.3
bureau_overdue_credit_count,8.646745681762695,0.3
obs_60_cnt_social_circle,8.640108108520508,0.3
flag_phone,8.632843971252441,0.3
years_build_avg,8.598755836486816,0.3
livingapartments_mode,8.488431930541992,0.29
prev_approved_count,8.486495971679688,0.29
inst_late30_count,8.47269058227539,0.29
live_region_not_work_region,8.406749725341797,0.29
bureau_bad_count,8.405013084411621,0.29
years_build_medi,8.336563110351562,0.29
prev_canceled_count,8.295225143432617,0.29
nonlivingarea_medi,8.253396034240723,0.29
amt_req_credit_bureau_day,8.016176223754883,0.28
nonlivingapartments_medi,7.973150253295898,0.28
pos_dpd_months,7.961224555969238,0.28
prev_app_count,7.865209579467773,0.27
entrances_avg,7.775454521179199,0.27
prev_reject_sco,7.73939323425293,0.27
flag_document_5,7.697561264038086,0.27
bureau_prolong_sum,7.472020149230957,0.26
amt_req_credit_bureau_mon,7.394739627838135,0.26
flag_document_13,7.224678039550781,0.25
amt_req_credit_bureau_week,6.895059585571289,0.24
cc_dpd_max,6.678627967834473,0.23
cc_dpd_def_max,6.376436233520508,0.22
flag_cont_mobile,0.0,0.0
flag_document_4,0.0,0.0
flag_document_2,0.0,0.0
emergencystate_mode,0.0,0.0
flag_emp_phone,0.0,0.0
flag_mobil,0.0,0.0
reg_region_not_work_region,0.0,0.0
flag_document_7,0.0,0.0
flag_document_6,0.0,0.0
flag_document_11,0.0,0.0
flag_document_10,0.0,0.0
flag_document_9,0.0,0.0
amt_req_credit_bureau_hour,0.0,0.0
flag_document_20,0.0,0.0
flag_document_21,0.0,0.0
flag_document_14,0.0,0.0
flag_document_12,0.0,0.0
flag_document_15,0.0,0.0
flag_document_19,0.0,0.0
flag_document_17,0.0,0.0
pos_demand_months,0.0,0.0
cc_card_count,0.0,0.0
flag_not_employed,0.0,0.0
